Workbook
Name BusinessAssociates: 'Person type_Classify'!$B$1
Name ContractConsultant: 'Person type_Classify'!$D$1:$D$3
Name Employee: 'Person type_Classify'!$C$1:$C$3
Name Intern: 'Person type_Classify'!$E$1:$E$6

Sheet Template
A1: Last Name* | B1: Sánchez Vidals
A2: First Name* | B2: Luis
A3: Middle Name | B3: Felipe
A4: Title ( Mr. / Ms./ Dr)* (use Dropdown) | B4: Mr.
A5: Preferred Name* | B5: Felipe
A6: Male / Female * (use Dropdown) | B6: Male
A7: Date of Birth ( DD - MMM - YYYY)* | B7: 32964
A8: Town of Birth | B8: Acatlan
A9: Country of Birth* | B9: Puebla
A10: Marital Status ( Married / Single )* (use Dropdown) | B10: Cohabitation
A11: Nationality* | B11: Mexican
A12: Citizenship | B12: Mexican
A13: National Identification Number | B13: SAVL900401HPLNDS04
A14: Employee's IMSS Number | B14: 48129044540
A15: Employee's RFC | B15: SAVL900401238
A16: B ) ADDRESS DETAILS
A17: Present Address | B17: Insurgentes Sur 4411 exit to Cuernavaca and univ interconental tlalcoligia
A18: City | B18: Tlalpan, CDMX
A19: State | B19: CDMX
A20: Country | B20: Mexico
A21: Pin Code | B21: 14430
A22: Telephone No.( country code ) telephone no | B22: 5215574860931
A23: D ) BANK DETAILS
A24: Bank name | B24: Banco Azteca
A25: Bank account number | B25: 1.2718e+17
A26: Bank account type | B26: Debito
A27: E ) EDUCATIONAL DETAILS
A28: F ) Graduation
A29: Name of Institute | B29: Benemerita Universidad Autonoma de Puebla
A30: Start date of Course | B30: 2009
A31: End date of course | B31: 2015
A32: Full time / Part time course | B32: Full time
A33: Status ( Completed /Incomplete / Ongoing ) | B33: Completed
A34: Qualification Category | B34: Diploma
A35: Qualification | B35: Diploma
A36: H ) PRIOR WORK EXPERIENCE
A37: Name of prevous organisation ( 1 ) (mandatory only if Rel Experience is >0) *
A38: Start date ( DD - MMM - YYYY) * | B38: 41699
A39: End date ( DD - MMM - YYYY) * | B39: 43282
A40: Name of prevous organisation ( 2 )
A41: Start date ( DD - MMM - YYYY) | B41: 41000
A42: End date ( DD - MMM - YYYY) | B42: 41638
A43: Name of prevous organisation ( 3 )
A44: Start date ( DD - MMM - YYYY) | B44: 39753
A45: End date ( DD - MMM - YYYY) | B45: 40055
A46: Name of prevous organisation ( n ) | B46: GRUPO SALINAS
A47: Start date ( DD - MMM - YYYY) | B47: 42391
A48: End date ( DD - MMM - YYYY) | B48: 43431
A49: Name of prevous organisation ( n ) | B49: CUVyTT
A50: Start date ( DD - MMM - YYYY) | B50: 42125
A51: End date ( DD - MMM - YYYY) | B51: 42309
A52: Leave Details (only for UK and Ireland)
A53: Privilege Leave ( In Days )
A54: Sick Leave ( In Weeks )

Sheet Sheet1
A1: Total de años de experiencia
B2: Meses
A3: 1 | B3: =DATEDIF(Template!B38,Template!B39,"m") -> 52
A4: 2 | B4: =DATEDIF(Template!B41,Template!B42,"m") -> 20
A5: 3 | B5: =DATEDIF(Template!B44,Template!B45,"m") -> 9
A6: 4 | B6: =DATEDIF(Template!B47,Template!B48,"m") -> 34
A7: 5 | B7: =DATEDIF(Template!B50,Template!B51,"m") -> 6
A8: 6 | B8: =DATEDIF(Template!#REF!,Template!#REF!,"m") -> #REF!
A9: 7 | B9: =DATEDIF(Template!#REF!,Template!#REF!,"m") -> #REF!
A10: 8 | B10: =DATEDIF(Template!#REF!,Template!#REF!,"m") -> #REF!
A11: 9 | B11: =DATEDIF(Template!#REF!,Template!#REF!,"m") -> #REF!
A12: 10 | B12: =DATEDIF(Template!#REF!,Template!#REF!,"m") -> #REF!
A13: 11 | B13: =DATEDIF(Template!#REF!,Template!#REF!,"m") -> #REF!
A14: 12 | B14: =DATEDIF(Template!#REF!,Template!#REF!,"m") -> #REF!
A15: TOTAL: | D15: =SUM(B3,B4,B5,B6,B7,B8,B9,B10,B11,B12,B13)/12 -> #REF!

Sheet Nomina
A1: Hiring Authorization Form
A2: Salary | B2: Salary
B3: Scheme
A4: Position's Name
A5: Project Name
A6: Payroll Details | B6: Employee's IMSS number:
B7: Employee's RFC :
B8: Employee's CURP:
B9: Employee father's name:
B10: Employee mother's name:
B11: Bank Account

Sheet DATA Base Format
A1: SECTOR | B1: COUNTRY | C1: Date of Joining ( DD - MON - YYYY)* | D1: A ) PERSONAL | Q1: Y ) ADDRESS DETAILS | W1: C ) ASSIGNMENT DETAILS | AI1: D ) EDUCATIONAL DETAILS | AY1: E ) PRIOR WORK EXPERIENCE | BN1: F ) ALLOCATION DETAILS | BX1: G ) RECRUITMENT DATA | CF1: VISA details | CK1: Employee NumYer | CL1: Employee Name | CM1: Applicant ID | CN1: Offer Letter Rolled in iBegin (If Yes - Applicant ID is Mandatory)
D2: Last Name* | E2: First Name* | F2: Middle Name | G2: Title ( Mr. / Ms./ Dr)* (use Dropdown) | H2: Preferred Name* | I2: Male / Female * (use Dropdown) | J2: Date of Birth ( DD - MMM - YYYY)* | K2: Town of Birth | L2: Country of Birth* | M2: Marital Status ( Married / Single )* (use Dropdown) | N2: Nationality* | O2: Citizenship | P2: National Identification Number | Q2: Present Address | R2: City | S2: State | T2: Country | U2: Pin Code | V2: Telephone No.( country code ) telephone no | W2: Probation period ( months ) - Only for permanent employees | X2: Organisation* ( ie. Base Delivery Centre ) | Y2: Grade* | Z2: Location (Working Location) * | AA2: Department* | AB2: Designation* | AC2: Designation Code* | AD2: CC / Non CC (CC - Computer Consultancy & Non CC - Support) | AE2: Person Type* (use Dropdown) | AF2: Only For Person Type Intern Associates (use Dropdown) | AG2: Employee Category | AH2: Payroll | AI2: I ) Graduation | AJ2: Name of Institute | AK2: Start date of Course | AL2: End date of course | AM2: Full time / Part time course | AN2: Status ( Completed /Incomplete / Ongoing ) | AO2: Qualification Category | AP2: Qualification | AQ2: II ) Post Graduation | AR2: Name of Institute | AS2: Start date of Course | AT2: End date of course | AU2: Full time / Part time course | AV2: Status ( Completed /Incomplete / Ongoing ) | AW2: Qualification Category * (mandatory only for Post Gratuates) | AX2: Qualification * | AY2: Name of prevous organisation ( 1 ) (mandatory only if Rel Experience is >0) * | AZ2: Start date ( DD - MMM - YYYY) * | BA2: End date ( DD - MMM - YYYY) * | BB2: Name of prevous organisation ( 2 ) | BC2: Start date ( DD - MMM - YYYY) | BD2: End date ( DD - MMM - YYYY) | BE2: Name of prevous organisation ( 3 ) | BF2: Start date ( DD - MMM - YYYY) | BG2: End date ( DD - MMM - YYYY) | BH2: Name of prevous organisation ( n ) | BI2: Start date ( DD - MMM - YYYY) | BJ2: End date ( DD - MMM - YYYY) | BK2: Leave Details (only for UK and Ireland) | BL2: Privilege Leave ( In Days ) | BM2: Sick Leave ( In Weeks ) | BN2: Independent Operation Unit ( Child IOU Name )* | BO2: Total Years of Experience * | BP2: Relevant Years of Experience * | BQ2: RGS ID Number * | BR2: WON / Swon for allocation * | BS2: Start Date of Allocation (DD-MMM-YYYY) | BT2: Billing Rate per hour * | BU2: Account Name | BV2: Supervisor Name | BW2: Client Partner | BX2: Technical skill (Competency for which we are hiring the candidate) * | BY2: Insourcing (YES / NO) | BZ2: Sourcing Channel (Direct candidate/ YYY/ Placement Agency/ Newspaper Ad/ College hire/ JoY Fair, etc) * | CA2: Estimated cost of hiring (Placement Agency payment/ YYY reward/ other similar Sourcing channel cost) * | CB2: Interview Date 1 (Last date of Interview) * | CC2: Interview Date 2 | CD2: Interview Date 3 | CE2: Offer Date (Date when Offer letter was shared with candidate) * | CF2: Visa code | CG2: Visa Number | CH2: Issue date | CI2: Expiry date | CJ2: Country of Deputation
A3: =Template!#REF! -> #REF! | B3: =Template!$B1 -> Sánchez Vidals | C3: =Template!$B2 -> Luis | D3: =Template!$B4 -> Mr. | E3: =Template!$B5 -> Felipe | F3: =Template!$B6 -> Male | G3: =Template!$B7 -> 32964 | H3: =Template!$B8 -> Acatlan | I3: =Template!$B9 -> Puebla | J3: =Template!$B10 -> Cohabitation | K3: =Template!$B11 -> Mexican | L3: =Template!$B12 -> Mexican | M3: =Template!$B13 -> SAVL900401HPLNDS04 | N3: =Template!$B16 -> 0 | O3: =Template!$B17 -> Insurgentes Sur 4411 exit to Cuernavaca and univ interconental tlalcoligia | P3: =Template!$B18 -> Tlalpan, CDMX | Q3: =Template!$B20 -> Mexico | R3: =Template!$B21 -> 14430 | S3: =Template!$B22 -> 5215574860931 | T3: =Template!#REF! -> #REF! | U3: =Template!#REF! -> #REF! | V3: =Template!#REF! -> #REF! | W3: =Template!#REF! -> #REF! | X3: =Template!#REF! -> #REF! | Y3: =Template!#REF! -> #REF! | Z3: =Template!#REF! -> #REF! | AA3: =Template!#REF! -> #REF! | ... AE3: =Template!#REF! -> #REF! | AF3: =Template!$B28 -> 0 | AG3: =Template!$B27 -> 0 | AH3: =Template!$B29 -> Benemerita Universidad Autonoma de Puebla | AI3: =Template!$B31 -> 2015 | AJ3: =Template!$B32 -> Full time | AK3: =Template!$B33 -> Completed | AL3: =Template!$B34 -> Diploma | AM3: =Template!$B35 -> Diploma | AN3: =Template!#REF! -> #REF! | AO3: =Template!#REF! -> #REF! | AP3: =Template!#REF! -> #REF! | AQ3: =Template!#REF! -> #REF! | AR3: =Template!#REF! -> #REF! | AS3: =Template!#REF! -> #REF! | AT3: =Template!#REF! -> #REF! | AU3: =Template!#REF! -> #REF! | AV3: =Template!$B36 -> 0 | AW3: =Template!$B37 -> 0 | AX3: =Template!$B38 -> 41699 | AY3: =Template!$B40 -> 0 | AZ3: =Template!$B41 -> 41000 | BA3: =Template!$B42 -> 41638 | BB3: =Template!$B43 -> 0 | BC3: =Template!$B44 -> 39753 | BD3: =Template!$B45 -> 40055 | BE3: =Template!$B46 -> GRUPO SALINAS | BF3: =Template!$B47 -> 42391 | BG3: =Template!$B48 -> 43431 | BH3: =Template!$B52 -> 0 | BI3: =Template!$B53 -> 0 | BJ3: =Template!$B54 -> 0 | BK3: =Template!#REF! -> #REF! | BL3: =Template!#REF! -> #REF! | BM3: =Template!#REF! -> #REF! | BN3: =Template!#REF! -> #REF! | BO3: =Template!#REF! -> #REF! | BP3: =Template!#REF! -> #REF! | BQ3: =Template!#REF! -> #REF! | BR3: =Template!#REF! -> #REF! | ... CN3: =Template!#REF! -> #REF!
A4: =Template!#REF! -> #REF! | B4: =Template!#REF! -> #REF! | C4: =Template!#REF! -> #REF! | D4: =Template!#REF! -> #REF! | E4: =Template!#REF! -> #REF! | F4: =Template!#REF! -> #REF! | G4: =Template!#REF! -> #REF! | H4: =Template!#REF! -> #REF! | ... CN4: =Template!#REF! -> #REF!
A5: =Template!#REF! -> #REF! | B5: =Template!#REF! -> #REF! | C5: =Template!#REF! -> #REF! | D5: =Template!#REF! -> #REF! | E5: =Template!#REF! -> #REF! | F5: =Template!#REF! -> #REF! | G5: =Template!#REF! -> #REF! | H5: =Template!#REF! -> #REF! | ... CN5: =Template!#REF! -> #REF!
A6: =Template!#REF! -> #REF! | B6: =Template!#REF! -> #REF! | C6: =Template!#REF! -> #REF! | D6: =Template!#REF! -> #REF! | E6: =Template!#REF! -> #REF! | F6: =Template!#REF! -> #REF! | G6: =Template!#REF! -> #REF! | H6: =Template!#REF! -> #REF! | ... CN6: =Template!#REF! -> #REF!
A7: =Template!#REF! -> #REF! | B7: =Template!#REF! -> #REF! | C7: =Template!#REF! -> #REF! | D7: =Template!#REF! -> #REF! | E7: =Template!#REF! -> #REF! | F7: =Template!#REF! -> #REF! | G7: =Template!#REF! -> #REF! | H7: =Template!#REF! -> #REF! | ... CN7: =Template!#REF! -> #REF!
A8: =Template!#REF! -> #REF! | B8: =Template!#REF! -> #REF! | C8: =Template!#REF! -> #REF! | D8: =Template!#REF! -> #REF! | E8: =Template!#REF! -> #REF! | F8: =Template!#REF! -> #REF! | G8: =Template!#REF! -> #REF! | H8: =Template!#REF! -> #REF! | ... AX8: =Template!#REF! -> #REF! | AY8: =Sheet1!$A1 -> Total de años de experiencia | AZ8: =Template!#REF! -> #REF! | BA8: =Template!#REF! -> #REF! | BB8: =Template!#REF! -> #REF! | BC8: =Template!#REF! -> #REF! | BD8: =Template!#REF! -> #REF! | BE8: =Template!#REF! -> #REF! | BF8: =Template!#REF! -> #REF! | BG8: =Template!#REF! -> #REF! | ... CN8: =Template!#REF! -> #REF!
A9: =Template!#REF! -> #REF! | B9: =Template!#REF! -> #REF! | C9: =Template!#REF! -> #REF! | D9: =Template!#REF! -> #REF! | E9: =Template!#REF! -> #REF! | F9: =Template!#REF! -> #REF! | G9: =Template!#REF! -> #REF! | H9: =Template!#REF! -> #REF! | ... CN9: =Template!#REF! -> #REF!
A10: =Template!#REF! -> #REF! | B10: =Template!#REF! -> #REF! | C10: =Template!#REF! -> #REF! | D10: =Template!#REF! -> #REF! | E10: =Template!#REF! -> #REF! | F10: =Template!#REF! -> #REF! | G10: =Template!#REF! -> #REF! | H10: =Template!#REF! -> #REF! | ... CN10: =Template!#REF! -> #REF!
A11: =Template!#REF! -> #REF! | B11: =Template!#REF! -> #REF! | C11: =Template!#REF! -> #REF! | D11: =Template!#REF! -> #REF! | E11: =Template!#REF! -> #REF! | F11: =Template!#REF! -> #REF! | G11: =Template!#REF! -> #REF! | H11: =Template!#REF! -> #REF! | ... CN11: =Template!#REF! -> #REF!
A12: =Template!#REF! -> #REF! | B12: =Template!#REF! -> #REF! | C12: =Template!#REF! -> #REF! | D12: =Template!$C1 -> 0 | E12: =Template!$C2 -> 0 | F12: =Template!$C3 -> 0 | G12: =Template!$C4 -> 0 | H12: =Template!$C5 -> 0 | I12: =Template!$C6 -> 0 | J12: =Template!$C7 -> 0 | K12: =Template!$C8 -> 0 | L12: =Template!$C9 -> 0 | M12: =Template!$C10 -> 0 | N12: =Template!$C11 -> 0 | O12: =Template!$C12 -> 0 | P12: =Template!$C13 -> 0 | Q12: =Template!$C17 -> 0 | R12: =Template!$C18 -> 0 | S12: =Template!$C19 -> 0 | T12: =Template!$C20 -> 0 | U12: =Template!$C21 -> 0 | V12: =Template!$C22 -> 0 | W12: =Template!#REF! -> #REF! | X12: =Template!#REF! -> #REF! | Y12: =Template!#REF! -> #REF! | Z12: =Template!#REF! -> #REF! | AA12: =Template!#REF! -> #REF! | AB12: =Template!#REF! -> #REF! | AC12: =Template!#REF! -> #REF! | AD12: =Template!#REF! -> #REF! | ... AH12: =Template!#REF! -> #REF! | AI12: =Template!$C28 -> 0 | AJ12: =Template!$C29 -> 0 | AK12: =Template!$C30 -> 0 | AL12: =Template!$C31 -> 0 | AM12: =Template!$C32 -> 0 | AN12: =Template!$C33 -> 0 | AO12: =Template!$C34 -> 0 | AP12: =Template!$C35 -> 0 | AQ12: =Template!#REF! -> #REF! | AR12: =Template!#REF! -> #REF! | AS12: =Template!#REF! -> #REF! | AT12: =Template!#REF! -> #REF! | AU12: =Template!#REF! -> #REF! | AV12: =Template!#REF! -> #REF! | AW12: =Template!#REF! -> #REF! | AX12: =Template!#REF! -> #REF! | AY12: =Template!$C37 -> 0 | AZ12: =Template!$C38 -> 0 | BA12: =Template!$C39 -> 0 | BB12: =Template!$C40 -> 0 | BC12: =Template!$C41 -> 0 | BD12: =Template!$C42 -> 0 | BE12: =Template!$C43 -> 0 | BF12: =Template!$C44 -> 0 | BG12: =Template!$C45 -> 0 | BH12: =Template!$C46 -> 0 | BI12: =Template!$C47 -> 0 | BJ12: =Template!$C48 -> 0 | BK12: =Template!$C52 -> 0 | BL12: =Template!$C53 -> 0 | BM12: =Template!$C54 -> 0 | BN12: =Template!#REF! -> #REF! | BO12: =Template!#REF! -> #REF! | BP12: =Template!#REF! -> #REF! | BQ12: =Template!#REF! -> #REF! | BR12: =Template!#REF! -> #REF! | BS12: =Template!#REF! -> #REF! | BT12: =Template!#REF! -> #REF! | BU12: =Template!#REF! -> #REF! | ... CN12: =Template!#REF! -> #REF!
A13: =Template!#REF! -> #REF! | B13: =Template!#REF! -> #REF! | C13: =Template!#REF! -> #REF! | D13: =Template!$D1 -> 0 | E13: =Template!$D2 -> 0 | F13: =Template!$D3 -> 0 | G13: =Template!$D4 -> 0 | H13: =Template!$D5 -> 0 | I13: =Template!$D6 -> 0 | J13: =Template!$D7 -> 0 | K13: =Template!$D8 -> 0 | L13: =Template!$D9 -> 0 | M13: =Template!$D10 -> 0 | N13: =Template!$D11 -> 0 | O13: =Template!$D12 -> 0 | P13: =Template!$D13 -> 0 | Q13: =Template!$D17 -> 0 | R13: =Template!$D18 -> 0 | S13: =Template!$D19 -> 0 | T13: =Template!$D20 -> 0 | U13: =Template!$D21 -> 0 | V13: =Template!$D22 -> 0 | W13: =Template!#REF! -> #REF! | X13: =Template!#REF! -> #REF! | Y13: =Template!#REF! -> #REF! | Z13: =Template!#REF! -> #REF! | AA13: =Template!#REF! -> #REF! | AB13: =Template!#REF! -> #REF! | AC13: =Template!#REF! -> #REF! | AD13: =Template!#REF! -> #REF! | ... AH13: =Template!#REF! -> #REF! | AI13: =Template!$D28 -> 0 | AJ13: =Template!$D29 -> 0 | AK13: =Template!$D30 -> 0 | AL13: =Template!$D31 -> 0 | AM13: =Template!$D32 -> 0 | AN13: =Template!$D33 -> 0 | AO13: =Template!$D34 -> 0 | AP13: =Template!$D35 -> 0 | AQ13: =Template!#REF! -> #REF! | AR13: =Template!#REF! -> #REF! | AS13: =Template!#REF! -> #REF! | AT13: =Template!#REF! -> #REF! | AU13: =Template!#REF! -> #REF! | AV13: =Template!#REF! -> #REF! | AW13: =Template!#REF! -> #REF! | AX13: =Template!#REF! -> #REF! | AY13: =Template!$D37 -> 0 | AZ13: =Template!$D38 -> 0 | BA13: =Template!$D39 -> 0 | BB13: =Template!$D40 -> 0 | BC13: =Template!$D41 -> 0 | BD13: =Template!$D42 -> 0 | BE13: =Template!$D43 -> 0 | BF13: =Template!$D44 -> 0 | BG13: =Template!$D45 -> 0 | BH13: =Template!$D46 -> 0 | BI13: =Template!$D47 -> 0 | BJ13: =Template!$D48 -> 0 | BK13: =Template!$D52 -> 0 | BL13: =Template!$D53 -> 0 | BM13: =Template!$D54 -> 0 | BN13: =Template!#REF! -> #REF! | BO13: =Template!#REF! -> #REF! | BP13: =Template!#REF! -> #REF! | BQ13: =Template!#REF! -> #REF! | BR13: =Template!#REF! -> #REF! | BS13: =Template!#REF! -> #REF! | BT13: =Template!#REF! -> #REF! | BU13: =Template!#REF! -> #REF! | ... CN13: =Template!#REF! -> #REF!
A14: =Template!#REF! -> #REF! | B14: =Template!#REF! -> #REF! | C14: =Template!#REF! -> #REF! | D14: =Template!$E1 -> 0 | E14: =Template!$E2 -> 0 | F14: =Template!$E3 -> 0 | G14: =Template!$E4 -> 0 | H14: =Template!$E5 -> 0 | I14: =Template!$E6 -> 0 | J14: =Template!$E7 -> 0 | K14: =Template!$E8 -> 0 | L14: =Template!$E9 -> 0 | M14: =Template!$E10 -> 0 | N14: =Template!$E11 -> 0 | O14: =Template!$E12 -> 0 | P14: =Template!$E13 -> 0 | Q14: =Template!$E17 -> 0 | R14: =Template!$E18 -> 0 | S14: =Template!$E19 -> 0 | T14: =Template!$E20 -> 0 | U14: =Template!$E21 -> 0 | V14: =Template!$E22 -> 0 | W14: =Template!#REF! -> #REF! | X14: =Template!#REF! -> #REF! | Y14: =Template!#REF! -> #REF! | Z14: =Template!#REF! -> #REF! | AA14: =Template!#REF! -> #REF! | AB14: =Template!#REF! -> #REF! | AC14: =Template!#REF! -> #REF! | AD14: =Template!#REF! -> #REF! | ... AH14: =Template!#REF! -> #REF! | AI14: =Template!$E28 -> 0 | AJ14: =Template!$E29 -> 0 | AK14: =Template!$E30 -> 0 | AL14: =Template!$E31 -> 0 | AM14: =Template!$E32 -> 0 | AN14: =Template!$E33 -> 0 | AO14: =Template!$E34 -> 0 | AP14: =Template!$E35 -> 0 | AQ14: =Template!#REF! -> #REF! | AR14: =Template!#REF! -> #REF! | AS14: =Template!#REF! -> #REF! | AT14: =Template!#REF! -> #REF! | AU14: =Template!#REF! -> #REF! | AV14: =Template!#REF! -> #REF! | AW14: =Template!#REF! -> #REF! | AX14: =Template!#REF! -> #REF! | AY14: =Template!$E37 -> 0 | AZ14: =Template!$E38 -> 0 | BA14: =Template!$E39 -> 0 | BB14: =Template!$E40 -> 0 | BC14: =Template!$E41 -> 0 | BD14: =Template!$E42 -> 0 | BE14: =Template!$E43 -> 0 | BF14: =Template!$E44 -> 0 | BG14: =Template!$E45 -> 0 | BH14: =Template!$E46 -> 0 | BI14: =Template!$E47 -> 0 | BJ14: =Template!$E48 -> 0 | BK14: =Template!$E52 -> 0 | BL14: =Template!$E53 -> 0 | BM14: =Template!$E54 -> 0 | BN14: =Template!#REF! -> #REF! | BO14: =Template!#REF! -> #REF! | BP14: =Template!#REF! -> #REF! | BQ14: =Template!#REF! -> #REF! | BR14: =Template!#REF! -> #REF! | BS14: =Template!#REF! -> #REF! | BT14: =Template!#REF! -> #REF! | BU14: =Template!#REF! -> #REF! | ... CN14: =Template!#REF! -> #REF!
A15: =Template!#REF! -> #REF! | B15: =Template!#REF! -> #REF! | C15: =Template!#REF! -> #REF! | D15: =Template!$F1 -> 0 | E15: =Template!$F2 -> 0 | F15: =Template!$F3 -> 0 | G15: =Template!$F4 -> 0 | H15: =Template!$F5 -> 0 | I15: =Template!$F6 -> 0 | J15: =Template!$F7 -> 0 | K15: =Template!$F8 -> 0 | L15: =Template!$F9 -> 0 | M15: =Template!$F10 -> 0 | N15: =Template!$F11 -> 0 | O15: =Template!$F12 -> 0 | P15: =Template!$F13 -> 0 | Q15: =Template!$F17 -> 0 | R15: =Template!$F18 -> 0 | S15: =Template!$F19 -> 0 | T15: =Template!$F20 -> 0 | U15: =Template!$F21 -> 0 | V15: =Template!$F22 -> 0 | W15: =Template!#REF! -> #REF! | X15: =Template!#REF! -> #REF! | Y15: =Template!#REF! -> #REF! | Z15: =Template!#REF! -> #REF! | AA15: =Template!#REF! -> #REF! | AB15: =Template!#REF! -> #REF! | AC15: =Template!#REF! -> #REF! | AD15: =Template!#REF! -> #REF! | ... AH15: =Template!#REF! -> #REF! | AI15: =Template!$F28 -> 0 | AJ15: =Template!$F29 -> 0 | AK15: =Template!$F30 -> 0 | AL15: =Template!$F31 -> 0 | AM15: =Template!$F32 -> 0 | AN15: =Template!$F33 -> 0 | AO15: =Template!$F34 -> 0 | AP15: =Template!$F35 -> 0 | AQ15: =Template!#REF! -> #REF! | AR15: =Template!#REF! -> #REF! | AS15: =Template!#REF! -> #REF! | AT15: =Template!#REF! -> #REF! | AU15: =Template!#REF! -> #REF! | AV15: =Template!#REF! -> #REF! | AW15: =Template!#REF! -> #REF! | AX15: =Template!#REF! -> #REF! | AY15: =Template!$F37 -> 0 | AZ15: =Template!$F38 -> 0 | BA15: =Template!$F39 -> 0 | BB15: =Template!$F40 -> 0 | BC15: =Template!$F41 -> 0 | BD15: =Template!$F42 -> 0 | BE15: =Template!$F43 -> 0 | BF15: =Template!$F44 -> 0 | BG15: =Template!$F45 -> 0 | BH15: =Template!$F46 -> 0 | BI15: =Template!$F47 -> 0 | BJ15: =Template!$F48 -> 0 | BK15: =Template!$F52 -> 0 | BL15: =Template!$F53 -> 0 | BM15: =Template!$F54 -> 0 | BN15: =Template!#REF! -> #REF! | BO15: =Template!#REF! -> #REF! | BP15: =Template!#REF! -> #REF! | BQ15: =Template!#REF! -> #REF! | BR15: =Template!#REF! -> #REF! | BS15: =Template!#REF! -> #REF! | BT15: =Template!#REF! -> #REF! | BU15: =Template!#REF! -> #REF! | ... CN15: =Template!#REF! -> #REF!
A16: =Template!#REF! -> #REF! | B16: =Template!#REF! -> #REF! | C16: =Template!#REF! -> #REF! | D16: =Template!$G1 -> 0 | E16: =Template!$G2 -> 0 | F16: =Template!$G3 -> 0 | G16: =Template!$G4 -> 0 | H16: =Template!$G5 -> 0 | I16: =Template!$G6 -> 0 | J16: =Template!$G7 -> 0 | K16: =Template!$G8 -> 0 | L16: =Template!$G9 -> 0 | M16: =Template!$G10 -> 0 | N16: =Template!$G11 -> 0 | O16: =Template!$G12 -> 0 | P16: =Template!$G13 -> 0 | Q16: =Template!$G17 -> 0 | R16: =Template!$G18 -> 0 | S16: =Template!$G19 -> 0 | T16: =Template!$G20 -> 0 | U16: =Template!$G21 -> 0 | V16: =Template!$G22 -> 0 | W16: =Template!#REF! -> #REF! | X16: =Template!#REF! -> #REF! | Y16: =Template!#REF! -> #REF! | Z16: =Template!#REF! -> #REF! | AA16: =Template!#REF! -> #REF! | AB16: =Template!#REF! -> #REF! | AC16: =Template!#REF! -> #REF! | AD16: =Template!#REF! -> #REF! | ... AH16: =Template!#REF! -> #REF! | AI16: =Template!$G28 -> 0 | AJ16: =Template!$G29 -> 0 | AK16: =Template!$G30 -> 0 | AL16: =Template!$G31 -> 0 | AM16: =Template!$G32 -> 0 | AN16: =Template!$G33 -> 0 | AO16: =Template!$G34 -> 0 | AP16: =Template!$G35 -> 0 | AQ16: =Template!#REF! -> #REF! | AR16: =Template!#REF! -> #REF! | AS16: =Template!#REF! -> #REF! | AT16: =Template!#REF! -> #REF! | AU16: =Template!#REF! -> #REF! | AV16: =Template!#REF! -> #REF! | AW16: =Template!#REF! -> #REF! | AX16: =Template!#REF! -> #REF! | AY16: =Template!$G37 -> 0 | AZ16: =Template!$G38 -> 0 | BA16: =Template!$G39 -> 0 | BB16: =Template!$G40 -> 0 | BC16: =Template!$G41 -> 0 | BD16: =Template!$G42 -> 0 | BE16: =Template!$G43 -> 0 | BF16: =Template!$G44 -> 0 | BG16: =Template!$G45 -> 0 | BH16: =Template!$G46 -> 0 | BI16: =Template!$G47 -> 0 | BJ16: =Template!$G48 -> 0 | BK16: =Template!$G52 -> 0 | BL16: =Template!$G53 -> 0 | BM16: =Template!$G54 -> 0 | BN16: =Template!#REF! -> #REF! | BO16: =Template!#REF! -> #REF! | BP16: =Template!#REF! -> #REF! | BQ16: =Template!#REF! -> #REF! | BR16: =Template!#REF! -> #REF! | BS16: =Template!#REF! -> #REF! | BT16: =Template!#REF! -> #REF! | BU16: =Template!#REF! -> #REF! | ... CN16: =Template!#REF! -> #REF!
A17: =Template!#REF! -> #REF! | B17: =Template!#REF! -> #REF! | C17: =Template!#REF! -> #REF! | D17: =Template!$H1 -> 0 | E17: =Template!$H2 -> 0 | F17: =Template!$H3 -> 0 | G17: =Template!$H4 -> 0 | H17: =Template!$H5 -> 0 | I17: =Template!$H6 -> 0 | J17: =Template!$H7 -> 0 | K17: =Template!$H8 -> 0 | L17: =Template!$H9 -> 0 | M17: =Template!$H10 -> 0 | N17: =Template!$H11 -> 0 | O17: =Template!$H12 -> 0 | P17: =Template!$H13 -> 0 | Q17: =Template!$H17 -> 0 | R17: =Template!$H18 -> 0 | S17: =Template!$H19 -> 0 | T17: =Template!$H20 -> 0 | U17: =Template!$H21 -> 0 | V17: =Template!$H22 -> 0 | W17: =Template!#REF! -> #REF! | X17: =Template!#REF! -> #REF! | Y17: =Template!#REF! -> #REF! | Z17: =Template!#REF! -> #REF! | AA17: =Template!#REF! -> #REF! | AB17: =Template!#REF! -> #REF! | AC17: =Template!#REF! -> #REF! | AD17: =Template!#REF! -> #REF! | ... AH17: =Template!#REF! -> #REF! | AI17: =Template!$H28 -> 0 | AJ17: =Template!$H29 -> 0 | AK17: =Template!$H30 -> 0 | AL17: =Template!$H31 -> 0 | AM17: =Template!$H32 -> 0 | AN17: =Template!$H33 -> 0 | AO17: =Template!$H34 -> 0 | AP17: =Template!$H35 -> 0 | AQ17: =Template!#REF! -> #REF! | AR17: =Template!#REF! -> #REF! | AS17: =Template!#REF! -> #REF! | AT17: =Template!#REF! -> #REF! | AU17: =Template!#REF! -> #REF! | AV17: =Template!#REF! -> #REF! | AW17: =Template!#REF! -> #REF! | AX17: =Template!#REF! -> #REF! | AY17: =Template!$H37 -> 0 | AZ17: =Template!$H38 -> 0 | BA17: =Template!$H39 -> 0 | BB17: =Template!$H40 -> 0 | BC17: =Template!$H41 -> 0 | BD17: =Template!$H42 -> 0 | BE17: =Template!$H43 -> 0 | BF17: =Template!$H44 -> 0 | BG17: =Template!$H45 -> 0 | BH17: =Template!$H46 -> 0 | BI17: =Template!$H47 -> 0 | BJ17: =Template!$H48 -> 0 | BK17: =Template!$H52 -> 0 | BL17: =Template!$H53 -> 0 | BM17: =Template!$H54 -> 0 | BN17: =Template!#REF! -> #REF! | BO17: =Template!#REF! -> #REF! | BP17: =Template!#REF! -> #REF! | BQ17: =Template!#REF! -> #REF! | BR17: =Template!#REF! -> #REF! | BS17: =Template!#REF! -> #REF! | BT17: =Template!#REF! -> #REF! | BU17: =Template!#REF! -> #REF! | ... CN17: =Template!#REF! -> #REF!
A18: =Template!#REF! -> #REF! | B18: =Template!#REF! -> #REF! | C18: =Template!#REF! -> #REF! | D18: =Template!$I1 -> 0 | E18: =Template!$I2 -> 0 | F18: =Template!$I3 -> 0 | G18: =Template!$I4 -> 0 | H18: =Template!$I5 -> 0 | I18: =Template!$I6 -> 0 | J18: =Template!$I7 -> 0 | K18: =Template!$I8 -> 0 | L18: =Template!$I9 -> 0 | M18: =Template!$I10 -> 0 | N18: =Template!$I11 -> 0 | O18: =Template!$I12 -> 0 | P18: =Template!$I13 -> 0 | Q18: =Template!$I17 -> 0 | R18: =Template!$I18 -> 0 | S18: =Template!$I19 -> 0 | T18: =Template!$I20 -> 0 | U18: =Template!$I21 -> 0 | V18: =Template!$I22 -> 0 | W18: =Template!#REF! -> #REF! | X18: =Template!#REF! -> #REF! | Y18: =Template!#REF! -> #REF! | Z18: =Template!#REF! -> #REF! | AA18: =Template!#REF! -> #REF! | AB18: =Template!#REF! -> #REF! | AC18: =Template!#REF! -> #REF! | AD18: =Template!#REF! -> #REF! | ... AH18: =Template!#REF! -> #REF! | AI18: =Template!$I28 -> 0 | AJ18: =Template!$I29 -> 0 | AK18: =Template!$I30 -> 0 | AL18: =Template!$I31 -> 0 | AM18: =Template!$I32 -> 0 | AN18: =Template!$I33 -> 0 | AO18: =Template!$I34 -> 0 | AP18: =Template!$I35 -> 0 | AQ18: =Template!#REF! -> #REF! | AR18: =Template!#REF! -> #REF! | AS18: =Template!#REF! -> #REF! | AT18: =Template!#REF! -> #REF! | AU18: =Template!#REF! -> #REF! | AV18: =Template!#REF! -> #REF! | AW18: =Template!#REF! -> #REF! | AX18: =Template!#REF! -> #REF! | AY18: =Template!$I37 -> 0 | AZ18: =Template!$I38 -> 0 | BA18: =Template!$I39 -> 0 | BB18: =Template!$I40 -> 0 | BC18: =Template!$I41 -> 0 | BD18: =Template!$I42 -> 0 | BE18: =Template!$I43 -> 0 | BF18: =Template!$I44 -> 0 | BG18: =Template!$I45 -> 0 | BH18: =Template!$I46 -> 0 | BI18: =Template!$I47 -> 0 | BJ18: =Template!$I48 -> 0 | BK18: =Template!$I52 -> 0 | BL18: =Template!$I53 -> 0 | BM18: =Template!$I54 -> 0 | BN18: =Template!#REF! -> #REF! | BO18: =Template!#REF! -> #REF! | BP18: =Template!#REF! -> #REF! | BQ18: =Template!#REF! -> #REF! | BR18: =Template!#REF! -> #REF! | BS18: =Template!#REF! -> #REF! | BT18: =Template!#REF! -> #REF! | BU18: =Template!#REF! -> #REF! | ... CN18: =Template!#REF! -> #REF!
A19: =Template!#REF! -> #REF! | B19: =Template!#REF! -> #REF! | C19: =Template!#REF! -> #REF! | D19: =Template!$J1 -> 0 | E19: =Template!$J2 -> 0 | F19: =Template!$J3 -> 0 | G19: =Template!$J4 -> 0 | H19: =Template!$J5 -> 0 | I19: =Template!$J6 -> 0 | J19: =Template!$J7 -> 0 | K19: =Template!$J8 -> 0 | L19: =Template!$J9 -> 0 | M19: =Template!$J10 -> 0 | N19: =Template!$J11 -> 0 | O19: =Template!$J12 -> 0 | P19: =Template!$J13 -> 0 | Q19: =Template!$J17 -> 0 | R19: =Template!$J18 -> 0 | S19: =Template!$J19 -> 0 | T19: =Template!$J20 -> 0 | U19: =Template!$J21 -> 0 | V19: =Template!$J22 -> 0 | W19: =Template!#REF! -> #REF! | X19: =Template!#REF! -> #REF! | Y19: =Template!#REF! -> #REF! | Z19: =Template!#REF! -> #REF! | AA19: =Template!#REF! -> #REF! | AB19: =Template!#REF! -> #REF! | AC19: =Template!#REF! -> #REF! | AD19: =Template!#REF! -> #REF! | ... AH19: =Template!#REF! -> #REF! | AI19: =Template!$J28 -> 0 | AJ19: =Template!$J29 -> 0 | AK19: =Template!$J30 -> 0 | AL19: =Template!$J31 -> 0 | AM19: =Template!$J32 -> 0 | AN19: =Template!$J33 -> 0 | AO19: =Template!$J34 -> 0 | AP19: =Template!$J35 -> 0 | AQ19: =Template!#REF! -> #REF! | AR19: =Template!#REF! -> #REF! | AS19: =Template!#REF! -> #REF! | AT19: =Template!#REF! -> #REF! | AU19: =Template!#REF! -> #REF! | AV19: =Template!#REF! -> #REF! | AW19: =Template!#REF! -> #REF! | AX19: =Template!#REF! -> #REF! | AY19: =Template!$J37 -> 0 | AZ19: =Template!$J38 -> 0 | BA19: =Template!$J39 -> 0 | BB19: =Template!$J40 -> 0 | BC19: =Template!$J41 -> 0 | BD19: =Template!$J42 -> 0 | BE19: =Template!$J43 -> 0 | BF19: =Template!$J44 -> 0 | BG19: =Template!$J45 -> 0 | BH19: =Template!$J46 -> 0 | BI19: =Template!$J47 -> 0 | BJ19: =Template!$J48 -> 0 | BK19: =Template!$J52 -> 0 | BL19: =Template!$J53 -> 0 | BM19: =Template!$J54 -> 0 | BN19: =Template!#REF! -> #REF! | BO19: =Template!#REF! -> #REF! | BP19: =Template!#REF! -> #REF! | BQ19: =Template!#REF! -> #REF! | BR19: =Template!#REF! -> #REF! | BS19: =Template!#REF! -> #REF! | BT19: =Template!#REF! -> #REF! | BU19: =Template!#REF! -> #REF! | ... CN19: =Template!#REF! -> #REF!
A20: =Template!#REF! -> #REF! | B20: =Template!#REF! -> #REF! | C20: =Template!#REF! -> #REF! | D20: =Template!$K1 -> 0 | E20: =Template!$K2 -> 0 | F20: =Template!$K3 -> 0 | G20: =Template!$K4 -> 0 | H20: =Template!$K5 -> 0 | I20: =Template!$K6 -> 0 | J20: =Template!$K7 -> 0 | K20: =Template!$K8 -> 0 | L20: =Template!$K9 -> 0 | M20: =Template!$K10 -> 0 | N20: =Template!$K11 -> 0 | O20: =Template!$K12 -> 0 | P20: =Template!$K13 -> 0 | Q20: =Template!$K17 -> 0 | R20: =Template!$K18 -> 0 | S20: =Template!$K19 -> 0 | T20: =Template!$K20 -> 0 | U20: =Template!$K21 -> 0 | V20: =Template!$K22 -> 0 | W20: =Template!#REF! -> #REF! | X20: =Template!#REF! -> #REF! | Y20: =Template!#REF! -> #REF! | Z20: =Template!#REF! -> #REF! | AA20: =Template!#REF! -> #REF! | AB20: =Template!#REF! -> #REF! | AC20: =Template!#REF! -> #REF! | AD20: =Template!#REF! -> #REF! | ... AH20: =Template!#REF! -> #REF! | AI20: =Template!$K28 -> 0 | AJ20: =Template!$K29 -> 0 | AK20: =Template!$K30 -> 0 | AL20: =Template!$K31 -> 0 | AM20: =Template!$K32 -> 0 | AN20: =Template!$K33 -> 0 | AO20: =Template!$K34 -> 0 | AP20: =Template!$K35 -> 0 | AQ20: =Template!#REF! -> #REF! | AR20: =Template!#REF! -> #REF! | AS20: =Template!#REF! -> #REF! | AT20: =Template!#REF! -> #REF! | AU20: =Template!#REF! -> #REF! | AV20: =Template!#REF! -> #REF! | AW20: =Template!#REF! -> #REF! | AX20: =Template!#REF! -> #REF! | AY20: =Template!$K37 -> 0 | AZ20: =Template!$K38 -> 0 | BA20: =Template!$K39 -> 0 | BB20: =Template!$K40 -> 0 | BC20: =Template!$K41 -> 0 | BD20: =Template!$K42 -> 0 | BE20: =Template!$K43 -> 0 | BF20: =Template!$K44 -> 0 | BG20: =Template!$K45 -> 0 | BH20: =Template!$K46 -> 0 | BI20: =Template!$K47 -> 0 | BJ20: =Template!$K48 -> 0 | BK20: =Template!$K52 -> 0 | BL20: =Template!$K53 -> 0 | BM20: =Template!$K54 -> 0 | BN20: =Template!#REF! -> #REF! | BO20: =Template!#REF! -> #REF! | BP20: =Template!#REF! -> #REF! | BQ20: =Template!#REF! -> #REF! | BR20: =Template!#REF! -> #REF! | BS20: =Template!#REF! -> #REF! | BT20: =Template!#REF! -> #REF! | BU20: =Template!#REF! -> #REF! | ... CN20: =Template!#REF! -> #REF!
A21: =Template!#REF! -> #REF! | B21: =Template!#REF! -> #REF! | C21: =Template!#REF! -> #REF! | D21: =Template!$L1 -> 0 | E21: =Template!$L2 -> 0 | F21: =Template!$L3 -> 0 | G21: =Template!$L4 -> 0 | H21: =Template!$L5 -> 0 | I21: =Template!$L6 -> 0 | J21: =Template!$L7 -> 0 | K21: =Template!$L8 -> 0 | L21: =Template!$L9 -> 0 | M21: =Template!$L10 -> 0 | N21: =Template!$L11 -> 0 | O21: =Template!$L12 -> 0 | P21: =Template!$L13 -> 0 | Q21: =Template!$L17 -> 0 | R21: =Template!$L18 -> 0 | S21: =Template!$L19 -> 0 | T21: =Template!$L20 -> 0 | U21: =Template!$L21 -> 0 | V21: =Template!$L22 -> 0 | W21: =Template!#REF! -> #REF! | X21: =Template!#REF! -> #REF! | Y21: =Template!#REF! -> #REF! | Z21: =Template!#REF! -> #REF! | AA21: =Template!#REF! -> #REF! | AB21: =Template!#REF! -> #REF! | AC21: =Template!#REF! -> #REF! | AD21: =Template!#REF! -> #REF! | ... AH21: =Template!#REF! -> #REF! | AI21: =Template!$L28 -> 0 | AJ21: =Template!$L29 -> 0 | AK21: =Template!$L30 -> 0 | AL21: =Template!$L31 -> 0 | AM21: =Template!$L32 -> 0 | AN21: =Template!$L33 -> 0 | AO21: =Template!$L34 -> 0 | AP21: =Template!$L35 -> 0 | AQ21: =Template!#REF! -> #REF! | AR21: =Template!#REF! -> #REF! | AS21: =Template!#REF! -> #REF! | AT21: =Template!#REF! -> #REF! | AU21: =Template!#REF! -> #REF! | AV21: =Template!#REF! -> #REF! | AW21: =Template!#REF! -> #REF! | AX21: =Template!#REF! -> #REF! | AY21: =Template!$L37 -> 0 | AZ21: =Template!$L38 -> 0 | BA21: =Template!$L39 -> 0 | BB21: =Template!$L40 -> 0 | BC21: =Template!$L41 -> 0 | BD21: =Template!$L42 -> 0 | BE21: =Template!$L43 -> 0 | BF21: =Template!$L44 -> 0 | BG21: =Template!$L45 -> 0 | BH21: =Template!$L46 -> 0 | BI21: =Template!$L47 -> 0 | BJ21: =Template!$L48 -> 0 | BK21: =Template!$L52 -> 0 | BL21: =Template!$L53 -> 0 | BM21: =Template!$L54 -> 0 | BN21: =Template!#REF! -> #REF! | BO21: =Template!#REF! -> #REF! | BP21: =Template!#REF! -> #REF! | BQ21: =Template!#REF! -> #REF! | BR21: =Template!#REF! -> #REF! | BS21: =Template!#REF! -> #REF! | BT21: =Template!#REF! -> #REF! | BU21: =Template!#REF! -> #REF! | ... CN21: =Template!#REF! -> #REF!
A22: =Template!#REF! -> #REF! | B22: =Template!#REF! -> #REF! | C22: =Template!#REF! -> #REF! | D22: =Template!$M1 -> 0 | E22: =Template!$M2 -> 0 | F22: =Template!$M3 -> 0 | G22: =Template!$M4 -> 0 | H22: =Template!$M5 -> 0 | I22: =Template!$M6 -> 0 | J22: =Template!$M7 -> 0 | K22: =Template!$M8 -> 0 | L22: =Template!$M9 -> 0 | M22: =Template!$M10 -> 0 | N22: =Template!$M11 -> 0 | O22: =Template!$M12 -> 0 | P22: =Template!$M13 -> 0 | Q22: =Template!$M17 -> 0 | R22: =Template!$M18 -> 0 | S22: =Template!$M19 -> 0 | T22: =Template!$M20 -> 0 | U22: =Template!$M21 -> 0 | V22: =Template!$M22 -> 0 | W22: =Template!#REF! -> #REF! | X22: =Template!#REF! -> #REF! | Y22: =Template!#REF! -> #REF! | Z22: =Template!#REF! -> #REF! | AA22: =Template!#REF! -> #REF! | AB22: =Template!#REF! -> #REF! | AC22: =Template!#REF! -> #REF! | AD22: =Template!#REF! -> #REF! | ... AH22: =Template!#REF! -> #REF! | AI22: =Template!$M28 -> 0 | AJ22: =Template!$M29 -> 0 | AK22: =Template!$M30 -> 0 | AL22: =Template!$M31 -> 0 | AM22: =Template!$M32 -> 0 | AN22: =Template!$M33 -> 0 | AO22: =Template!$M34 -> 0 | AP22: =Template!$M35 -> 0 | AQ22: =Template!#REF! -> #REF! | AR22: =Template!#REF! -> #REF! | AS22: =Template!#REF! -> #REF! | AT22: =Template!#REF! -> #REF! | AU22: =Template!#REF! -> #REF! | AV22: =Template!#REF! -> #REF! | AW22: =Template!#REF! -> #REF! | AX22: =Template!#REF! -> #REF! | AY22: =Template!$M37 -> 0 | AZ22: =Template!$M38 -> 0 | BA22: =Template!$M39 -> 0 | BB22: =Template!$M40 -> 0 | BC22: =Template!$M41 -> 0 | BD22: =Template!$M42 -> 0 | BE22: =Template!$M43 -> 0 | BF22: =Template!$M44 -> 0 | BG22: =Template!$M45 -> 0 | BH22: =Template!$M46 -> 0 | BI22: =Template!$M47 -> 0 | BJ22: =Template!$M48 -> 0 | BK22: =Template!$M52 -> 0 | BL22: =Template!$M53 -> 0 | BM22: =Template!$M54 -> 0 | BN22: =Template!#REF! -> #REF! | BO22: =Template!#REF! -> #REF! | BP22: =Template!#REF! -> #REF! | BQ22: =Template!#REF! -> #REF! | BR22: =Template!#REF! -> #REF! | BS22: =Template!#REF! -> #REF! | BT22: =Template!#REF! -> #REF! | BU22: =Template!#REF! -> #REF! | ... CN22: =Template!#REF! -> #REF!
A23: =Template!#REF! -> #REF! | B23: =Template!#REF! -> #REF! | C23: =Template!#REF! -> #REF! | D23: =Template!$N1 -> 0 | E23: =Template!$N2 -> 0 | F23: =Template!$N3 -> 0 | G23: =Template!$N4 -> 0 | H23: =Template!$N5 -> 0 | I23: =Template!$N6 -> 0 | J23: =Template!$N7 -> 0 | K23: =Template!$N8 -> 0 | L23: =Template!$N9 -> 0 | M23: =Template!$N10 -> 0 | N23: =Template!$N11 -> 0 | O23: =Template!$N12 -> 0 | P23: =Template!$N13 -> 0 | Q23: =Template!$N17 -> 0 | R23: =Template!$N18 -> 0 | S23: =Template!$N19 -> 0 | T23: =Template!$N20 -> 0 | U23: =Template!$N21 -> 0 | V23: =Template!$N22 -> 0 | W23: =Template!#REF! -> #REF! | X23: =Template!#REF! -> #REF! | Y23: =Template!#REF! -> #REF! | Z23: =Template!#REF! -> #REF! | AA23: =Template!#REF! -> #REF! | AB23: =Template!#REF! -> #REF! | AC23: =Template!#REF! -> #REF! | AD23: =Template!#REF! -> #REF! | ... AH23: =Template!#REF! -> #REF! | AI23: =Template!$N28 -> 0 | AJ23: =Template!$N29 -> 0 | AK23: =Template!$N30 -> 0 | AL23: =Template!$N31 -> 0 | AM23: =Template!$N32 -> 0 | AN23: =Template!$N33 -> 0 | AO23: =Template!$N34 -> 0 | AP23: =Template!$N35 -> 0 | AQ23: =Template!#REF! -> #REF! | AR23: =Template!#REF! -> #REF! | AS23: =Template!#REF! -> #REF! | AT23: =Template!#REF! -> #REF! | AU23: =Template!#REF! -> #REF! | AV23: =Template!#REF! -> #REF! | AW23: =Template!#REF! -> #REF! | AX23: =Template!#REF! -> #REF! | AY23: =Template!$N37 -> 0 | AZ23: =Template!$N38 -> 0 | BA23: =Template!$N39 -> 0 | BB23: =Template!$N40 -> 0 | BC23: =Template!$N41 -> 0 | BD23: =Template!$N42 -> 0 | BE23: =Template!$N43 -> 0 | BF23: =Template!$N44 -> 0 | BG23: =Template!$N45 -> 0 | BH23: =Template!$N46 -> 0 | BI23: =Template!$N47 -> 0 | BJ23: =Template!$N48 -> 0 | BK23: =Template!$N52 -> 0 | BL23: =Template!$N53 -> 0 | BM23: =Template!$N54 -> 0 | BN23: =Template!#REF! -> #REF! | BO23: =Template!#REF! -> #REF! | BP23: =Template!#REF! -> #REF! | BQ23: =Template!#REF! -> #REF! | BR23: =Template!#REF! -> #REF! | BS23: =Template!#REF! -> #REF! | BT23: =Template!#REF! -> #REF! | BU23: =Template!#REF! -> #REF! | ... CN23: =Template!#REF! -> #REF!
A24: =Template!#REF! -> #REF! | B24: =Template!#REF! -> #REF! | C24: =Template!#REF! -> #REF! | D24: =Template!$O1 -> 0 | E24: =Template!$O2 -> 0 | F24: =Template!$O3 -> 0 | G24: =Template!$O4 -> 0 | H24: =Template!$O5 -> 0 | I24: =Template!$O6 -> 0 | J24: =Template!$O7 -> 0 | K24: =Template!$O8 -> 0 | L24: =Template!$O9 -> 0 | M24: =Template!$O10 -> 0 | N24: =Template!$O11 -> 0 | O24: =Template!$O12 -> 0 | P24: =Template!$O13 -> 0 | Q24: =Template!$O17 -> 0 | R24: =Template!$O18 -> 0 | S24: =Template!$O19 -> 0 | T24: =Template!$O20 -> 0 | U24: =Template!$O21 -> 0 | V24: =Template!$O22 -> 0 | W24: =Template!#REF! -> #REF! | X24: =Template!#REF! -> #REF! | Y24: =Template!#REF! -> #REF! | Z24: =Template!#REF! -> #REF! | AA24: =Template!#REF! -> #REF! | AB24: =Template!#REF! -> #REF! | AC24: =Template!#REF! -> #REF! | AD24: =Template!#REF! -> #REF! | ... AH24: =Template!#REF! -> #REF! | AI24: =Template!$O28 -> 0 | AJ24: =Template!$O29 -> 0 | AK24: =Template!$O30 -> 0 | AL24: =Template!$O31 -> 0 | AM24: =Template!$O32 -> 0 | AN24: =Template!$O33 -> 0 | AO24: =Template!$O34 -> 0 | AP24: =Template!$O35 -> 0 | AQ24: =Template!#REF! -> #REF! | AR24: =Template!#REF! -> #REF! | AS24: =Template!#REF! -> #REF! | AT24: =Template!#REF! -> #REF! | AU24: =Template!#REF! -> #REF! | AV24: =Template!#REF! -> #REF! | AW24: =Template!#REF! -> #REF! | AX24: =Template!#REF! -> #REF! | AY24: =Template!$O37 -> 0 | AZ24: =Template!$O38 -> 0 | BA24: =Template!$O39 -> 0 | BB24: =Template!$O40 -> 0 | BC24: =Template!$O41 -> 0 | BD24: =Template!$O42 -> 0 | BE24: =Template!$O43 -> 0 | BF24: =Template!$O44 -> 0 | BG24: =Template!$O45 -> 0 | BH24: =Template!$O46 -> 0 | BI24: =Template!$O47 -> 0 | BJ24: =Template!$O48 -> 0 | BK24: =Template!$O52 -> 0 | BL24: =Template!$O53 -> 0 | BM24: =Template!$O54 -> 0 | BN24: =Template!#REF! -> #REF! | BO24: =Template!#REF! -> #REF! | BP24: =Template!#REF! -> #REF! | BQ24: =Template!#REF! -> #REF! | BR24: =Template!#REF! -> #REF! | BS24: =Template!#REF! -> #REF! | BT24: =Template!#REF! -> #REF! | BU24: =Template!#REF! -> #REF! | ... CN24: =Template!#REF! -> #REF!
A25: =Template!#REF! -> #REF! | B25: =Template!#REF! -> #REF! | C25: =Template!#REF! -> #REF! | D25: =Template!$P1 -> 0 | E25: =Template!$P2 -> 0 | F25: =Template!$P3 -> 0 | G25: =Template!$P4 -> 0 | H25: =Template!$P5 -> 0 | I25: =Template!$P6 -> 0 | J25: =Template!$P7 -> 0 | K25: =Template!$P8 -> 0 | L25: =Template!$P9 -> 0 | M25: =Template!$P10 -> 0 | N25: =Template!$P11 -> 0 | O25: =Template!$P12 -> 0 | P25: =Template!$P13 -> 0 | Q25: =Template!$P17 -> 0 | R25: =Template!$P18 -> 0 | S25: =Template!$P19 -> 0 | T25: =Template!$P20 -> 0 | U25: =Template!$P21 -> 0 | V25: =Template!$P22 -> 0 | W25: =Template!#REF! -> #REF! | X25: =Template!#REF! -> #REF! | Y25: =Template!#REF! -> #REF! | Z25: =Template!#REF! -> #REF! | AA25: =Template!#REF! -> #REF! | AB25: =Template!#REF! -> #REF! | AC25: =Template!#REF! -> #REF! | AD25: =Template!#REF! -> #REF! | ... AH25: =Template!#REF! -> #REF! | AI25: =Template!$P28 -> 0 | AJ25: =Template!$P29 -> 0 | AK25: =Template!$P30 -> 0 | AL25: =Template!$P31 -> 0 | AM25: =Template!$P32 -> 0 | AN25: =Template!$P33 -> 0 | AO25: =Template!$P34 -> 0 | AP25: =Template!$P35 -> 0 | AQ25: =Template!#REF! -> #REF! | AR25: =Template!#REF! -> #REF! | AS25: =Template!#REF! -> #REF! | AT25: =Template!#REF! -> #REF! | AU25: =Template!#REF! -> #REF! | AV25: =Template!#REF! -> #REF! | AW25: =Template!#REF! -> #REF! | AX25: =Template!#REF! -> #REF! | AY25: =Template!$P37 -> 0 | AZ25: =Template!$P38 -> 0 | BA25: =Template!$P39 -> 0 | BB25: =Template!$P40 -> 0 | BC25: =Template!$P41 -> 0 | BD25: =Template!$P42 -> 0 | BE25: =Template!$P43 -> 0 | BF25: =Template!$P44 -> 0 | BG25: =Template!$P45 -> 0 | BH25: =Template!$P46 -> 0 | BI25: =Template!$P47 -> 0 | BJ25: =Template!$P48 -> 0 | BK25: =Template!$P52 -> 0 | BL25: =Template!$P53 -> 0 | BM25: =Template!$P54 -> 0 | BN25: =Template!#REF! -> #REF! | BO25: =Template!#REF! -> #REF! | BP25: =Template!#REF! -> #REF! | BQ25: =Template!#REF! -> #REF! | BR25: =Template!#REF! -> #REF! | BS25: =Template!#REF! -> #REF! | BT25: =Template!#REF! -> #REF! | BU25: =Template!#REF! -> #REF! | ... CN25: =Template!#REF! -> #REF!
A26: =Template!#REF! -> #REF! | B26: =Template!#REF! -> #REF! | C26: =Template!#REF! -> #REF! | D26: =Template!$Q1 -> 0 | E26: =Template!$Q2 -> 0 | F26: =Template!$Q3 -> 0 | G26: =Template!$Q4 -> 0 | H26: =Template!$Q5 -> 0 | I26: =Template!$Q6 -> 0 | J26: =Template!$Q7 -> 0 | K26: =Template!$Q8 -> 0 | L26: =Template!$Q9 -> 0 | M26: =Template!$Q10 -> 0 | N26: =Template!$Q11 -> 0 | O26: =Template!$Q12 -> 0 | P26: =Template!$Q13 -> 0 | Q26: =Template!$Q17 -> 0 | R26: =Template!$Q18 -> 0 | S26: =Template!$Q19 -> 0 | T26: =Template!$Q20 -> 0 | U26: =Template!$Q21 -> 0 | V26: =Template!$Q22 -> 0 | W26: =Template!#REF! -> #REF! | X26: =Template!#REF! -> #REF! | Y26: =Template!#REF! -> #REF! | Z26: =Template!#REF! -> #REF! | AA26: =Template!#REF! -> #REF! | AB26: =Template!#REF! -> #REF! | AC26: =Template!#REF! -> #REF! | AD26: =Template!#REF! -> #REF! | ... AH26: =Template!#REF! -> #REF! | AI26: =Template!$Q28 -> 0 | AJ26: =Template!$Q29 -> 0 | AK26: =Template!$Q30 -> 0 | AL26: =Template!$Q31 -> 0 | AM26: =Template!$Q32 -> 0 | AN26: =Template!$Q33 -> 0 | AO26: =Template!$Q34 -> 0 | AP26: =Template!$Q35 -> 0 | AQ26: =Template!#REF! -> #REF! | AR26: =Template!#REF! -> #REF! | AS26: =Template!#REF! -> #REF! | AT26: =Template!#REF! -> #REF! | AU26: =Template!#REF! -> #REF! | AV26: =Template!#REF! -> #REF! | AW26: =Template!#REF! -> #REF! | AX26: =Template!#REF! -> #REF! | AY26: =Template!$Q37 -> 0 | AZ26: =Template!$Q38 -> 0 | BA26: =Template!$Q39 -> 0 | BB26: =Template!$Q40 -> 0 | BC26: =Template!$Q41 -> 0 | BD26: =Template!$Q42 -> 0 | BE26: =Template!$Q43 -> 0 | BF26: =Template!$Q44 -> 0 | BG26: =Template!$Q45 -> 0 | BH26: =Template!$Q46 -> 0 | BI26: =Template!$Q47 -> 0 | BJ26: =Template!$Q48 -> 0 | BK26: =Template!$Q52 -> 0 | BL26: =Template!$Q53 -> 0 | BM26: =Template!$Q54 -> 0 | BN26: =Template!#REF! -> #REF! | BO26: =Template!#REF! -> #REF! | BP26: =Template!#REF! -> #REF! | BQ26: =Template!#REF! -> #REF! | BR26: =Template!#REF! -> #REF! | BS26: =Template!#REF! -> #REF! | BT26: =Template!#REF! -> #REF! | BU26: =Template!#REF! -> #REF! | ... CN26: =Template!#REF! -> #REF!
A27: =Template!#REF! -> #REF! | B27: =Template!#REF! -> #REF! | C27: =Template!#REF! -> #REF! | D27: =Template!$R$1 -> 0 | E27: =Template!$R$2 -> 0 | F27: =Template!$R$3 -> 0 | G27: =Template!$R$4 -> 0 | H27: =Template!$R$5 -> 0 | I27: =Template!$R$6 -> 0 | J27: =Template!$R$7 -> 0 | K27: =Template!$R$8 -> 0 | L27: =Template!$R$9 -> 0 | M27: =Template!$R$10 -> 0 | N27: =Template!$R$11 -> 0 | O27: =Template!$R$12 -> 0 | P27: =Template!$R$13 -> 0 | Q27: =Template!$R$17 -> 0 | R27: =Template!$R$18 -> 0 | S27: =Template!$R$19 -> 0 | T27: =Template!$R$20 -> 0 | U27: =Template!$R$21 -> 0 | V27: =Template!$R$22 -> 0 | W27: =Template!#REF! -> #REF! | X27: =Template!#REF! -> #REF! | Y27: =Template!#REF! -> #REF! | Z27: =Template!#REF! -> #REF! | AA27: =Template!#REF! -> #REF! | AB27: =Template!#REF! -> #REF! | AC27: =Template!#REF! -> #REF! | AD27: =Template!#REF! -> #REF! | ... AH27: =Template!#REF! -> #REF! | AI27: =Template!$R$28 -> 0 | AJ27: =Template!$R$29 -> 0 | AK27: =Template!$R$30 -> 0 | AL27: =Template!$R$31 -> 0 | AM27: =Template!$R$32 -> 0 | AN27: =Template!$R$33 -> 0 | AO27: =Template!$R$34 -> 0 | AP27: =Template!$R$35 -> 0 | AQ27: =Template!#REF! -> #REF! | AR27: =Template!#REF! -> #REF! | AS27: =Template!#REF! -> #REF! | AT27: =Template!#REF! -> #REF! | AU27: =Template!#REF! -> #REF! | AV27: =Template!#REF! -> #REF! | AW27: =Template!#REF! -> #REF! | AX27: =Template!#REF! -> #REF! | AY27: =Template!$R$37 -> 0 | AZ27: =Template!$R$38 -> 0 | BA27: =Template!$R$39 -> 0 | BB27: =Template!$R$40 -> 0 | BC27: =Template!$R$41 -> 0 | BD27: =Template!$R$42 -> 0 | BE27: =Template!$R$43 -> 0 | BF27: =Template!$R$44 -> 0 | BG27: =Template!$R$45 -> 0 | BH27: =Template!$R$46 -> 0 | BI27: =Template!$R$47 -> 0 | BJ27: =Template!$R$48 -> 0 | BK27: =Template!$R$52 -> 0 | BL27: =Template!$R$53 -> 0 | BM27: =Template!$R$54 -> 0 | BN27: =Template!#REF! -> #REF! | BO27: =Template!#REF! -> #REF! | BP27: =Template!#REF! -> #REF! | BQ27: =Template!#REF! -> #REF! | BR27: =Template!#REF! -> #REF! | BS27: =Template!#REF! -> #REF! | BT27: =Template!#REF! -> #REF! | BU27: =Template!#REF! -> #REF! | ... CN27: =Template!#REF! -> #REF!
A28: =Template!#REF! -> #REF! | B28: =Template!#REF! -> #REF! | C28: =Template!#REF! -> #REF! | D28: =Template!$S$1 -> 0 | E28: =Template!$S$2 -> 0 | F28: =Template!$S$3 -> 0 | G28: =Template!$S$4 -> 0 | H28: =Template!$S$5 -> 0 | I28: =Template!$S$6 -> 0 | J28: =Template!$S$7 -> 0 | K28: =Template!$S$8 -> 0 | L28: =Template!$S$9 -> 0 | M28: =Template!$S$10 -> 0 | N28: =Template!$S$11 -> 0 | O28: =Template!$S$12 -> 0 | P28: =Template!$S$13 -> 0 | Q28: =Template!$S$17 -> 0 | R28: =Template!$S$18 -> 0 | S28: =Template!$S$19 -> 0 | T28: =Template!$S$20 -> 0 | U28: =Template!$S$21 -> 0 | V28: =Template!$S$22 -> 0 | W28: =Template!#REF! -> #REF! | X28: =Template!#REF! -> #REF! | Y28: =Template!#REF! -> #REF! | Z28: =Template!#REF! -> #REF! | AA28: =Template!#REF! -> #REF! | AB28: =Template!#REF! -> #REF! | AC28: =Template!#REF! -> #REF! | AD28: =Template!#REF! -> #REF! | ... AH28: =Template!#REF! -> #REF! | AI28: =Template!$S$28 -> 0 | AJ28: =Template!$S$29 -> 0 | AK28: =Template!$S$30 -> 0 | AL28: =Template!$S$31 -> 0 | AM28: =Template!$S$32 -> 0 | AN28: =Template!$S$33 -> 0 | AO28: =Template!$S$34 -> 0 | AP28: =Template!$S$35 -> 0 | AQ28: =Template!#REF! -> #REF! | AR28: =Template!#REF! -> #REF! | AS28: =Template!#REF! -> #REF! | AT28: =Template!#REF! -> #REF! | AU28: =Template!#REF! -> #REF! | AV28: =Template!#REF! -> #REF! | AW28: =Template!#REF! -> #REF! | AX28: =Template!#REF! -> #REF! | AY28: =Template!$S$37 -> 0 | AZ28: =Template!$S$38 -> 0 | BA28: =Template!$S$39 -> 0 | BB28: =Template!$S$40 -> 0 | BC28: =Template!$S$41 -> 0 | BD28: =Template!$S$42 -> 0 | BE28: =Template!$S$43 -> 0 | BF28: =Template!$S$44 -> 0 | BG28: =Template!$S$45 -> 0 | BH28: =Template!$S$46 -> 0 | BI28: =Template!$S$47 -> 0 | BJ28: =Template!$S$48 -> 0 | BK28: =Template!$S$52 -> 0 | BL28: =Template!$S$53 -> 0 | BM28: =Template!$S$54 -> 0 | BN28: =Template!#REF! -> #REF! | BO28: =Template!#REF! -> #REF! | BP28: =Template!#REF! -> #REF! | BQ28: =Template!#REF! -> #REF! | BR28: =Template!#REF! -> #REF! | BS28: =Template!#REF! -> #REF! | BT28: =Template!#REF! -> #REF! | BU28: =Template!#REF! -> #REF! | ... CN28: =Template!#REF! -> #REF!
A29: =Template!#REF! -> #REF! | B29: =Template!#REF! -> #REF! | C29: =Template!#REF! -> #REF! | D29: =Template!$T$1 -> 0 | E29: =Template!$T$2 -> 0 | F29: =Template!$T$3 -> 0 | G29: =Template!$T$4 -> 0 | H29: =Template!$T$5 -> 0 | I29: =Template!$T$6 -> 0 | J29: =Template!$T$7 -> 0 | K29: =Template!$T$8 -> 0 | L29: =Template!$T$9 -> 0 | M29: =Template!$T$10 -> 0 | N29: =Template!$T$11 -> 0 | O29: =Template!$T$12 -> 0 | P29: =Template!$T$13 -> 0 | Q29: =Template!$T$17 -> 0 | R29: =Template!$T$18 -> 0 | S29: =Template!$T$19 -> 0 | T29: =Template!$T$20 -> 0 | U29: =Template!$T$21 -> 0 | V29: =Template!$T$22 -> 0 | W29: =Template!#REF! -> #REF! | X29: =Template!#REF! -> #REF! | Y29: =Template!#REF! -> #REF! | Z29: =Template!#REF! -> #REF! | AA29: =Template!#REF! -> #REF! | AB29: =Template!#REF! -> #REF! | AC29: =Template!#REF! -> #REF! | AD29: =Template!#REF! -> #REF! | ... AH29: =Template!#REF! -> #REF! | AI29: =Template!$T$28 -> 0 | AJ29: =Template!$T$29 -> 0 | AK29: =Template!$T$30 -> 0 | AL29: =Template!$T$31 -> 0 | AM29: =Template!$T$32 -> 0 | AN29: =Template!$T$33 -> 0 | AO29: =Template!$T$34 -> 0 | AP29: =Template!$T$35 -> 0 | AQ29: =Template!#REF! -> #REF! | AR29: =Template!#REF! -> #REF! | AS29: =Template!#REF! -> #REF! | AT29: =Template!#REF! -> #REF! | AU29: =Template!#REF! -> #REF! | AV29: =Template!#REF! -> #REF! | AW29: =Template!#REF! -> #REF! | AX29: =Template!#REF! -> #REF! | AY29: =Template!$T$37 -> 0 | AZ29: =Template!$T$38 -> 0 | BA29: =Template!$T$39 -> 0 | BB29: =Template!$T$40 -> 0 | BC29: =Template!$T$41 -> 0 | BD29: =Template!$T$42 -> 0 | BE29: =Template!$T$43 -> 0 | BF29: =Template!$T$44 -> 0 | BG29: =Template!$T$45 -> 0 | BH29: =Template!$T$46 -> 0 | BI29: =Template!$T$47 -> 0 | BJ29: =Template!$T$48 -> 0 | BK29: =Template!$T$52 -> 0 | BL29: =Template!$T$53 -> 0 | BM29: =Template!$T$54 -> 0 | BN29: =Template!#REF! -> #REF! | BO29: =Template!#REF! -> #REF! | BP29: =Template!#REF! -> #REF! | BQ29: =Template!#REF! -> #REF! | BR29: =Template!#REF! -> #REF! | BS29: =Template!#REF! -> #REF! | BT29: =Template!#REF! -> #REF! | BU29: =Template!#REF! -> #REF! | ... CN29: =Template!#REF! -> #REF!
A30: =Template!#REF! -> #REF! | B30: =Template!#REF! -> #REF! | C30: =Template!#REF! -> #REF! | D30: =Template!$U$1 -> 0 | E30: =Template!$U$2 -> 0 | F30: =Template!$U$3 -> 0 | G30: =Template!$U$4 -> 0 | H30: =Template!$U$5 -> 0 | I30: =Template!$U$6 -> 0 | J30: =Template!$U$7 -> 0 | K30: =Template!$U$8 -> 0 | L30: =Template!$U$9 -> 0 | M30: =Template!$U$10 -> 0 | N30: =Template!$U$11 -> 0 | O30: =Template!$U$12 -> 0 | P30: =Template!$U$13 -> 0 | Q30: =Template!$U$17 -> 0 | R30: =Template!$U$18 -> 0 | S30: =Template!$U$19 -> 0 | T30: =Template!$U$20 -> 0 | U30: =Template!$U$21 -> 0 | V30: =Template!$U$22 -> 0 | W30: =Template!#REF! -> #REF! | X30: =Template!#REF! -> #REF! | Y30: =Template!#REF! -> #REF! | Z30: =Template!#REF! -> #REF! | AA30: =Template!#REF! -> #REF! | AB30: =Template!#REF! -> #REF! | AC30: =Template!#REF! -> #REF! | AD30: =Template!#REF! -> #REF! | ... AH30: =Template!#REF! -> #REF! | AI30: =Template!$U$28 -> 0 | AJ30: =Template!$U$29 -> 0 | AK30: =Template!$U$30 -> 0 | AL30: =Template!$U$31 -> 0 | AM30: =Template!$U$32 -> 0 | AN30: =Template!$U$33 -> 0 | AO30: =Template!$U$34 -> 0 | AP30: =Template!$U$35 -> 0 | AQ30: =Template!#REF! -> #REF! | AR30: =Template!#REF! -> #REF! | AS30: =Template!#REF! -> #REF! | AT30: =Template!#REF! -> #REF! | AU30: =Template!#REF! -> #REF! | AV30: =Template!#REF! -> #REF! | AW30: =Template!#REF! -> #REF! | AX30: =Template!#REF! -> #REF! | AY30: =Template!$U$37 -> 0 | AZ30: =Template!$U$38 -> 0 | BA30: =Template!$U$39 -> 0 | BB30: =Template!$U$40 -> 0 | BC30: =Template!$U$41 -> 0 | BD30: =Template!$U$42 -> 0 | BE30: =Template!$U$43 -> 0 | BF30: =Template!$U$44 -> 0 | BG30: =Template!$U$45 -> 0 | BH30: =Template!$U$46 -> 0 | BI30: =Template!$U$47 -> 0 | BJ30: =Template!$U$48 -> 0 | BK30: =Template!$U$52 -> 0 | BL30: =Template!$U$53 -> 0 | BM30: =Template!$U$54 -> 0 | BN30: =Template!#REF! -> #REF! | BO30: =Template!#REF! -> #REF! | BP30: =Template!#REF! -> #REF! | BQ30: =Template!#REF! -> #REF! | BR30: =Template!#REF! -> #REF! | BS30: =Template!#REF! -> #REF! | BT30: =Template!#REF! -> #REF! | BU30: =Template!#REF! -> #REF! | ... CN30: =Template!#REF! -> #REF!
A31: =Template!#REF! -> #REF! | B31: =Template!#REF! -> #REF! | C31: =Template!#REF! -> #REF! | D31: =Template!$V$1 -> 0 | E31: =Template!$V$2 -> 0 | F31: =Template!$V$3 -> 0 | G31: =Template!$V$4 -> 0 | H31: =Template!$V$5 -> 0 | I31: =Template!$V$6 -> 0 | J31: =Template!$V$7 -> 0 | K31: =Template!$V$8 -> 0 | L31: =Template!$V$9 -> 0 | M31: =Template!$V$10 -> 0 | N31: =Template!$V$11 -> 0 | O31: =Template!$V$12 -> 0 | P31: =Template!$V$13 -> 0 | Q31: =Template!$V$17 -> 0 | R31: =Template!$V$18 -> 0 | S31: =Template!$V$19 -> 0 | T31: =Template!$V$20 -> 0 | U31: =Template!$V$21 -> 0 | V31: =Template!$V$22 -> 0 | W31: =Template!#REF! -> #REF! | X31: =Template!#REF! -> #REF! | Y31: =Template!#REF! -> #REF! | Z31: =Template!#REF! -> #REF! | AA31: =Template!#REF! -> #REF! | AB31: =Template!#REF! -> #REF! | AC31: =Template!#REF! -> #REF! | AD31: =Template!#REF! -> #REF! | ... AH31: =Template!#REF! -> #REF! | AI31: =Template!$V$28 -> 0 | AJ31: =Template!$V$29 -> 0 | AK31: =Template!$V$30 -> 0 | AL31: =Template!$V$31 -> 0 | AM31: =Template!$V$32 -> 0 | AN31: =Template!$V$33 -> 0 | AO31: =Template!$V$34 -> 0 | AP31: =Template!$V$35 -> 0 | AQ31: =Template!#REF! -> #REF! | AR31: =Template!#REF! -> #REF! | AS31: =Template!#REF! -> #REF! | AT31: =Template!#REF! -> #REF! | AU31: =Template!#REF! -> #REF! | AV31: =Template!#REF! -> #REF! | AW31: =Template!#REF! -> #REF! | AX31: =Template!#REF! -> #REF! | AY31: =Template!$V$37 -> 0 | AZ31: =Template!$V$38 -> 0 | BA31: =Template!$V$39 -> 0 | BB31: =Template!$V$40 -> 0 | BC31: =Template!$V$41 -> 0 | BD31: =Template!$V$42 -> 0 | BE31: =Template!$V$43 -> 0 | BF31: =Template!$V$44 -> 0 | BG31: =Template!$V$45 -> 0 | BH31: =Template!$V$46 -> 0 | BI31: =Template!$V$47 -> 0 | BJ31: =Template!$V$48 -> 0 | BK31: =Template!$V$52 -> 0 | BL31: =Template!$V$53 -> 0 | BM31: =Template!$V$54 -> 0 | BN31: =Template!#REF! -> #REF! | BO31: =Template!#REF! -> #REF! | BP31: =Template!#REF! -> #REF! | BQ31: =Template!#REF! -> #REF! | BR31: =Template!#REF! -> #REF! | BS31: =Template!#REF! -> #REF! | BT31: =Template!#REF! -> #REF! | BU31: =Template!#REF! -> #REF! | ... CN31: =Template!#REF! -> #REF!
A32: =Template!#REF! -> #REF! | B32: =Template!#REF! -> #REF! | C32: =Template!#REF! -> #REF! | D32: =Template!$W$1 -> 0 | E32: =Template!$W$2 -> 0 | F32: =Template!$W$3 -> 0 | G32: =Template!$W$4 -> 0 | H32: =Template!$W$5 -> 0 | I32: =Template!$W$6 -> 0 | J32: =Template!$W$7 -> 0 | K32: =Template!$W$8 -> 0 | L32: =Template!$W$9 -> 0 | M32: =Template!$W$10 -> 0 | N32: =Template!$W$11 -> 0 | O32: =Template!$W$12 -> 0 | P32: =Template!$W$13 -> 0 | Q32: =Template!$W$17 -> 0 | R32: =Template!$W$18 -> 0 | S32: =Template!$W$19 -> 0 | T32: =Template!$W$20 -> 0 | U32: =Template!$W$21 -> 0 | V32: =Template!$W$22 -> 0 | W32: =Template!#REF! -> #REF! | X32: =Template!#REF! -> #REF! | Y32: =Template!#REF! -> #REF! | Z32: =Template!#REF! -> #REF! | AA32: =Template!#REF! -> #REF! | AB32: =Template!#REF! -> #REF! | AC32: =Template!#REF! -> #REF! | AD32: =Template!#REF! -> #REF! | ... AH32: =Template!#REF! -> #REF! | AI32: =Template!$W$28 -> 0 | AJ32: =Template!$W$29 -> 0 | AK32: =Template!$W$30 -> 0 | AL32: =Template!$W$31 -> 0 | AM32: =Template!$W$32 -> 0 | AN32: =Template!$W$33 -> 0 | AO32: =Template!$W$34 -> 0 | AP32: =Template!$W$35 -> 0 | AQ32: =Template!#REF! -> #REF! | AR32: =Template!#REF! -> #REF! | AS32: =Template!#REF! -> #REF! | AT32: =Template!#REF! -> #REF! | AU32: =Template!#REF! -> #REF! | AV32: =Template!#REF! -> #REF! | AW32: =Template!#REF! -> #REF! | AX32: =Template!#REF! -> #REF! | AY32: =Template!$W$37 -> 0 | AZ32: =Template!$W$38 -> 0 | BA32: =Template!$W$39 -> 0 | BB32: =Template!$W$40 -> 0 | BC32: =Template!$W$41 -> 0 | BD32: =Template!$W$42 -> 0 | BE32: =Template!$W$43 -> 0 | BF32: =Template!$W$44 -> 0 | BG32: =Template!$W$45 -> 0 | BH32: =Template!$W$46 -> 0 | BI32: =Template!$W$47 -> 0 | BJ32: =Template!$W$48 -> 0 | BK32: =Template!$W$52 -> 0 | BL32: =Template!$W$53 -> 0 | BM32: =Template!$W$54 -> 0 | BN32: =Template!#REF! -> #REF! | BO32: =Template!#REF! -> #REF! | BP32: =Template!#REF! -> #REF! | BQ32: =Template!#REF! -> #REF! | BR32: =Template!#REF! -> #REF! | BS32: =Template!#REF! -> #REF! | BT32: =Template!#REF! -> #REF! | BU32: =Template!#REF! -> #REF! | ... CN32: =Template!#REF! -> #REF!
A33: =Template!#REF! -> #REF! | B33: =Template!#REF! -> #REF! | C33: =Template!#REF! -> #REF! | D33: =Template!$X$1 -> 0 | E33: =Template!$X$2 -> 0 | F33: =Template!$X$3 -> 0 | G33: =Template!$X$4 -> 0 | H33: =Template!$X$5 -> 0 | I33: =Template!$X$6 -> 0 | J33: =Template!$X$7 -> 0 | K33: =Template!$X$8 -> 0 | L33: =Template!$X$9 -> 0 | M33: =Template!$X$10 -> 0 | N33: =Template!$X$11 -> 0 | O33: =Template!$X$12 -> 0 | P33: =Template!$X$13 -> 0 | Q33: =Template!$X$17 -> 0 | R33: =Template!$X$18 -> 0 | S33: =Template!$X$19 -> 0 | T33: =Template!$X$20 -> 0 | U33: =Template!$X$21 -> 0 | V33: =Template!$X$22 -> 0 | W33: =Template!#REF! -> #REF! | X33: =Template!#REF! -> #REF! | Y33: =Template!#REF! -> #REF! | Z33: =Template!#REF! -> #REF! | AA33: =Template!#REF! -> #REF! | AB33: =Template!#REF! -> #REF! | AC33: =Template!#REF! -> #REF! | AD33: =Template!#REF! -> #REF! | ... AH33: =Template!#REF! -> #REF! | AI33: =Template!$X$28 -> 0 | AJ33: =Template!$X$29 -> 0 | AK33: =Template!$X$30 -> 0 | AL33: =Template!$X$31 -> 0 | AM33: =Template!$X$32 -> 0 | AN33: =Template!$X$33 -> 0 | AO33: =Template!$X$34 -> 0 | AP33: =Template!$X$35 -> 0 | AQ33: =Template!#REF! -> #REF! | AR33: =Template!#REF! -> #REF! | AS33: =Template!#REF! -> #REF! | AT33: =Template!#REF! -> #REF! | AU33: =Template!#REF! -> #REF! | AV33: =Template!#REF! -> #REF! | AW33: =Template!#REF! -> #REF! | AX33: =Template!#REF! -> #REF! | AY33: =Template!$X$37 -> 0 | AZ33: =Template!$X$38 -> 0 | BA33: =Template!$X$39 -> 0 | BB33: =Template!$X$40 -> 0 | BC33: =Template!$X$41 -> 0 | BD33: =Template!$X$42 -> 0 | BE33: =Template!$X$43 -> 0 | BF33: =Template!$X$44 -> 0 | BG33: =Template!$X$45 -> 0 | BH33: =Template!$X$46 -> 0 | BI33: =Template!$X$47 -> 0 | BJ33: =Template!$X$48 -> 0 | BK33: =Template!$X$52 -> 0 | BL33: =Template!$X$53 -> 0 | BM33: =Template!$X$54 -> 0 | BN33: =Template!#REF! -> #REF! | BO33: =Template!#REF! -> #REF! | BP33: =Template!#REF! -> #REF! | BQ33: =Template!#REF! -> #REF! | BR33: =Template!#REF! -> #REF! | BS33: =Template!#REF! -> #REF! | BT33: =Template!#REF! -> #REF! | BU33: =Template!#REF! -> #REF! | ... CN33: =Template!#REF! -> #REF!
A34: =Template!#REF! -> #REF! | B34: =Template!#REF! -> #REF! | C34: =Template!#REF! -> #REF! | D34: =Template!$Y$1 -> 0 | E34: =Template!$Y$2 -> 0 | F34: =Template!$Y$3 -> 0 | G34: =Template!$Y$4 -> 0 | H34: =Template!$Y$5 -> 0 | I34: =Template!$Y$6 -> 0 | J34: =Template!$Y$7 -> 0 | K34: =Template!$Y$8 -> 0 | L34: =Template!$Y$9 -> 0 | M34: =Template!$Y$10 -> 0 | N34: =Template!$Y$11 -> 0 | O34: =Template!$Y$12 -> 0 | P34: =Template!$Y$13 -> 0 | Q34: =Template!$Y$17 -> 0 | R34: =Template!$Y$18 -> 0 | S34: =Template!$Y$19 -> 0 | T34: =Template!$Y$20 -> 0 | U34: =Template!$Y$21 -> 0 | V34: =Template!$Y$22 -> 0 | W34: =Template!#REF! -> #REF! | X34: =Template!#REF! -> #REF! | Y34: =Template!#REF! -> #REF! | Z34: =Template!#REF! -> #REF! | AA34: =Template!#REF! -> #REF! | AB34: =Template!#REF! -> #REF! | AC34: =Template!#REF! -> #REF! | AD34: =Template!#REF! -> #REF! | ... AH34: =Template!#REF! -> #REF! | AI34: =Template!$Y$28 -> 0 | AJ34: =Template!$Y$29 -> 0 | AK34: =Template!$Y$30 -> 0 | AL34: =Template!$Y$31 -> 0 | AM34: =Template!$Y$32 -> 0 | AN34: =Template!$Y$33 -> 0 | AO34: =Template!$Y$34 -> 0 | AP34: =Template!$Y$35 -> 0 | AQ34: =Template!#REF! -> #REF! | AR34: =Template!#REF! -> #REF! | AS34: =Template!#REF! -> #REF! | AT34: =Template!#REF! -> #REF! | AU34: =Template!#REF! -> #REF! | AV34: =Template!#REF! -> #REF! | AW34: =Template!#REF! -> #REF! | AX34: =Template!#REF! -> #REF! | AY34: =Template!$Y$37 -> 0 | AZ34: =Template!$Y$38 -> 0 | BA34: =Template!$Y$39 -> 0 | BB34: =Template!$Y$40 -> 0 | BC34: =Template!$Y$41 -> 0 | BD34: =Template!$Y$42 -> 0 | BE34: =Template!$Y$43 -> 0 | BF34: =Template!$Y$44 -> 0 | BG34: =Template!$Y$45 -> 0 | BH34: =Template!$Y$46 -> 0 | BI34: =Template!$Y$47 -> 0 | BJ34: =Template!$Y$48 -> 0 | BK34: =Template!$Y$52 -> 0 | BL34: =Template!$Y$53 -> 0 | BM34: =Template!$Y$54 -> 0 | BN34: =Template!#REF! -> #REF! | BO34: =Template!#REF! -> #REF! | BP34: =Template!#REF! -> #REF! | BQ34: =Template!#REF! -> #REF! | BR34: =Template!#REF! -> #REF! | BS34: =Template!#REF! -> #REF! | BT34: =Template!#REF! -> #REF! | BU34: =Template!#REF! -> #REF! | ... CN34: =Template!#REF! -> #REF!
A35: =Template!#REF! -> #REF! | B35: =Template!#REF! -> #REF! | C35: =Template!#REF! -> #REF! | D35: =Template!$Z$1 -> 0 | E35: =Template!$Z$2 -> 0 | F35: =Template!$Z$3 -> 0 | G35: =Template!$Z$4 -> 0 | H35: =Template!$Z$5 -> 0 | I35: =Template!$Z$6 -> 0 | J35: =Template!$Z$7 -> 0 | K35: =Template!$Z$8 -> 0 | L35: =Template!$Z$9 -> 0 | M35: =Template!$Z$10 -> 0 | N35: =Template!$Z$11 -> 0 | O35: =Template!$Z$12 -> 0 | P35: =Template!$Z$13 -> 0 | Q35: =Template!$Z$17 -> 0 | R35: =Template!$Z$18 -> 0 | S35: =Template!$Z$19 -> 0 | T35: =Template!$Z$20 -> 0 | U35: =Template!$Z$21 -> 0 | V35: =Template!$Z$22 -> 0 | W35: =Template!#REF! -> #REF! | X35: =Template!#REF! -> #REF! | Y35: =Template!#REF! -> #REF! | Z35: =Template!#REF! -> #REF! | AA35: =Template!#REF! -> #REF! | AB35: =Template!#REF! -> #REF! | AC35: =Template!#REF! -> #REF! | AD35: =Template!#REF! -> #REF! | ... AH35: =Template!#REF! -> #REF! | AI35: =Template!$Z$28 -> 0 | AJ35: =Template!$Z$29 -> 0 | AK35: =Template!$Z$30 -> 0 | AL35: =Template!$Z$31 -> 0 | AM35: =Template!$Z$32 -> 0 | AN35: =Template!$Z$33 -> 0 | AO35: =Template!$Z$34 -> 0 | AP35: =Template!$Z$35 -> 0 | AQ35: =Template!#REF! -> #REF! | AR35: =Template!#REF! -> #REF! | AS35: =Template!#REF! -> #REF! | AT35: =Template!#REF! -> #REF! | AU35: =Template!#REF! -> #REF! | AV35: =Template!#REF! -> #REF! | AW35: =Template!#REF! -> #REF! | AX35: =Template!#REF! -> #REF! | AY35: =Template!$Z$37 -> 0 | AZ35: =Template!$Z$38 -> 0 | BA35: =Template!$Z$39 -> 0 | BB35: =Template!$Z$40 -> 0 | BC35: =Template!$Z$41 -> 0 | BD35: =Template!$Z$42 -> 0 | BE35: =Template!$Z$43 -> 0 | BF35: =Template!$Z$44 -> 0 | BG35: =Template!$Z$45 -> 0 | BH35: =Template!$Z$46 -> 0 | BI35: =Template!$Z$47 -> 0 | BJ35: =Template!$Z$48 -> 0 | BK35: =Template!$Z$52 -> 0 | BL35: =Template!$Z$53 -> 0 | BM35: =Template!$Z$54 -> 0 | BN35: =Template!#REF! -> #REF! | BO35: =Template!#REF! -> #REF! | BP35: =Template!#REF! -> #REF! | BQ35: =Template!#REF! -> #REF! | BR35: =Template!#REF! -> #REF! | BS35: =Template!#REF! -> #REF! | BT35: =Template!#REF! -> #REF! | BU35: =Template!#REF! -> #REF! | ... CN35: =Template!#REF! -> #REF!
A36: =Template!#REF! -> #REF! | B36: =Template!#REF! -> #REF! | C36: =Template!#REF! -> #REF! | D36: =Template!$AA$1 -> 0 | E36: =Template!$AA$2 -> 0 | F36: =Template!$AA$3 -> 0 | G36: =Template!$AA$4 -> 0 | H36: =Template!$AA$5 -> 0 | I36: =Template!$AA$6 -> 0 | J36: =Template!$AA$7 -> 0 | K36: =Template!$AA$8 -> 0 | L36: =Template!$AA$9 -> 0 | M36: =Template!$AA$10 -> 0 | N36: =Template!$AA$11 -> 0 | O36: =Template!$AA$12 -> 0 | P36: =Template!$AA$13 -> 0 | Q36: =Template!$AA$17 -> 0 | R36: =Template!$AA$18 -> 0 | S36: =Template!$AA$19 -> 0 | T36: =Template!$AA$20 -> 0 | U36: =Template!$AA$21 -> 0 | V36: =Template!$AA$22 -> 0 | W36: =Template!#REF! -> #REF! | X36: =Template!#REF! -> #REF! | Y36: =Template!#REF! -> #REF! | Z36: =Template!#REF! -> #REF! | AA36: =Template!#REF! -> #REF! | AB36: =Template!#REF! -> #REF! | AC36: =Template!#REF! -> #REF! | AD36: =Template!#REF! -> #REF! | ... AH36: =Template!#REF! -> #REF! | AI36: =Template!$AA$28 -> 0 | AJ36: =Template!$AA$29 -> 0 | AK36: =Template!$AA$30 -> 0 | AL36: =Template!$AA$31 -> 0 | AM36: =Template!$AA$32 -> 0 | AN36: =Template!$AA$33 -> 0 | AO36: =Template!$AA$34 -> 0 | AP36: =Template!$AA$35 -> 0 | AQ36: =Template!#REF! -> #REF! | AR36: =Template!#REF! -> #REF! | AS36: =Template!#REF! -> #REF! | AT36: =Template!#REF! -> #REF! | AU36: =Template!#REF! -> #REF! | AV36: =Template!#REF! -> #REF! | AW36: =Template!#REF! -> #REF! | AX36: =Template!#REF! -> #REF! | AY36: =Template!$AA$37 -> 0 | AZ36: =Template!$AA$38 -> 0 | BA36: =Template!$AA$39 -> 0 | BB36: =Template!$AA$40 -> 0 | BC36: =Template!$AA$41 -> 0 | BD36: =Template!$AA$42 -> 0 | BE36: =Template!$AA$43 -> 0 | BF36: =Template!$AA$44 -> 0 | BG36: =Template!$AA$45 -> 0 | BH36: =Template!$AA$46 -> 0 | BI36: =Template!$AA$47 -> 0 | BJ36: =Template!$AA$48 -> 0 | BK36: =Template!$AA$52 -> 0 | BL36: =Template!$AA$53 -> 0 | BM36: =Template!$AA$54 -> 0 | BN36: =Template!#REF! -> #REF! | BO36: =Template!#REF! -> #REF! | BP36: =Template!#REF! -> #REF! | BQ36: =Template!#REF! -> #REF! | BR36: =Template!#REF! -> #REF! | BS36: =Template!#REF! -> #REF! | BT36: =Template!#REF! -> #REF! | BU36: =Template!#REF! -> #REF! | ... CN36: =Template!#REF! -> #REF!
A37: =Template!#REF! -> #REF! | B37: =Template!#REF! -> #REF! | C37: =Template!#REF! -> #REF! | D37: =Template!$AB$1 -> 0 | E37: =Template!$AB$2 -> 0 | F37: =Template!$AB$3 -> 0 | G37: =Template!$AB$4 -> 0 | H37: =Template!$AB$5 -> 0 | I37: =Template!$AB$6 -> 0 | J37: =Template!$AB$7 -> 0 | K37: =Template!$AB$8 -> 0 | L37: =Template!$AB$9 -> 0 | M37: =Template!$AB$10 -> 0 | N37: =Template!$AB$11 -> 0 | O37: =Template!$AB$12 -> 0 | P37: =Template!$AB$13 -> 0 | Q37: =Template!$AB$17 -> 0 | R37: =Template!$AB$18 -> 0 | S37: =Template!$AB$19 -> 0 | T37: =Template!$AB$20 -> 0 | U37: =Template!$AB$21 -> 0 | V37: =Template!$AB$22 -> 0 | W37: =Template!#REF! -> #REF! | X37: =Template!#REF! -> #REF! | Y37: =Template!#REF! -> #REF! | Z37: =Template!#REF! -> #REF! | AA37: =Template!#REF! -> #REF! | AB37: =Template!#REF! -> #REF! | AC37: =Template!#REF! -> #REF! | AD37: =Template!#REF! -> #REF! | ... AH37: =Template!#REF! -> #REF! | AI37: =Template!$AB$28 -> 0 | AJ37: =Template!$AB$29 -> 0 | AK37: =Template!$AB$30 -> 0 | AL37: =Template!$AB$31 -> 0 | AM37: =Template!$AB$32 -> 0 | AN37: =Template!$AB$33 -> 0 | AO37: =Template!$AB$34 -> 0 | AP37: =Template!$AB$35 -> 0 | AQ37: =Template!#REF! -> #REF! | AR37: =Template!#REF! -> #REF! | AS37: =Template!#REF! -> #REF! | AT37: =Template!#REF! -> #REF! | AU37: =Template!#REF! -> #REF! | AV37: =Template!#REF! -> #REF! | AW37: =Template!#REF! -> #REF! | AX37: =Template!#REF! -> #REF! | AY37: =Template!$AB$37 -> 0 | AZ37: =Template!$AB$38 -> 0 | BA37: =Template!$AB$39 -> 0 | BB37: =Template!$AB$40 -> 0 | BC37: =Template!$AB$41 -> 0 | BD37: =Template!$AB$42 -> 0 | BE37: =Template!$AB$43 -> 0 | BF37: =Template!$AB$44 -> 0 | BG37: =Template!$AB$45 -> 0 | BH37: =Template!$AB$46 -> 0 | BI37: =Template!$AB$47 -> 0 | BJ37: =Template!$AB$48 -> 0 | BK37: =Template!$AB$52 -> 0 | BL37: =Template!$AB$53 -> 0 | BM37: =Template!$AB$54 -> 0 | BN37: =Template!#REF! -> #REF! | BO37: =Template!#REF! -> #REF! | BP37: =Template!#REF! -> #REF! | BQ37: =Template!#REF! -> #REF! | BR37: =Template!#REF! -> #REF! | BS37: =Template!#REF! -> #REF! | BT37: =Template!#REF! -> #REF! | BU37: =Template!#REF! -> #REF! | ... CN37: =Template!#REF! -> #REF!
A38: =Template!#REF! -> #REF! | B38: =Template!#REF! -> #REF! | C38: =Template!#REF! -> #REF! | D38: =Template!$AC$1 -> 0 | E38: =Template!$AC$2 -> 0 | F38: =Template!$AC$3 -> 0 | G38: =Template!$AC$4 -> 0 | H38: =Template!$AC$5 -> 0 | I38: =Template!$AC$6 -> 0 | J38: =Template!$AC$7 -> 0 | K38: =Template!$AC$8 -> 0 | L38: =Template!$AC$9 -> 0 | M38: =Template!$AC$10 -> 0 | N38: =Template!$AC$11 -> 0 | O38: =Template!$AC$12 -> 0 | P38: =Template!$AC$13 -> 0 | Q38: =Template!$AC$17 -> 0 | R38: =Template!$AC$18 -> 0 | S38: =Template!$AC$19 -> 0 | T38: =Template!$AC$20 -> 0 | U38: =Template!$AC$21 -> 0 | V38: =Template!$AC$22 -> 0 | W38: =Template!#REF! -> #REF! | X38: =Template!#REF! -> #REF! | Y38: =Template!#REF! -> #REF! | Z38: =Template!#REF! -> #REF! | AA38: =Template!#REF! -> #REF! | AB38: =Template!#REF! -> #REF! | AC38: =Template!#REF! -> #REF! | AD38: =Template!#REF! -> #REF! | ... AH38: =Template!#REF! -> #REF! | AI38: =Template!$AC$28 -> 0 | AJ38: =Template!$AC$29 -> 0 | AK38: =Template!$AC$30 -> 0 | AL38: =Template!$AC$31 -> 0 | AM38: =Template!$AC$32 -> 0 | AN38: =Template!$AC$33 -> 0 | AO38: =Template!$AC$34 -> 0 | AP38: =Template!$AC$35 -> 0 | AQ38: =Template!#REF! -> #REF! | AR38: =Template!#REF! -> #REF! | AS38: =Template!#REF! -> #REF! | AT38: =Template!#REF! -> #REF! | AU38: =Template!#REF! -> #REF! | AV38: =Template!#REF! -> #REF! | AW38: =Template!#REF! -> #REF! | AX38: =Template!#REF! -> #REF! | AY38: =Template!$AC$37 -> 0 | AZ38: =Template!$AC$38 -> 0 | BA38: =Template!$AC$39 -> 0 | BB38: =Template!$AC$40 -> 0 | BC38: =Template!$AC$41 -> 0 | BD38: =Template!$AC$42 -> 0 | BE38: =Template!$AC$43 -> 0 | BF38: =Template!$AC$44 -> 0 | BG38: =Template!$AC$45 -> 0 | BH38: =Template!$AC$46 -> 0 | BI38: =Template!$AC$47 -> 0 | BJ38: =Template!$AC$48 -> 0 | BK38: =Template!$AC$52 -> 0 | BL38: =Template!$AC$53 -> 0 | BM38: =Template!$AC$54 -> 0 | BN38: =Template!#REF! -> #REF! | BO38: =Template!#REF! -> #REF! | BP38: =Template!#REF! -> #REF! | BQ38: =Template!#REF! -> #REF! | BR38: =Template!#REF! -> #REF! | BS38: =Template!#REF! -> #REF! | BT38: =Template!#REF! -> #REF! | BU38: =Template!#REF! -> #REF! | ... CN38: =Template!#REF! -> #REF!
A39: =Template!#REF! -> #REF! | B39: =Template!#REF! -> #REF! | C39: =Template!#REF! -> #REF! | D39: =Template!$AD$1 -> 0 | E39: =Template!$AD$2 -> 0 | F39: =Template!$AD$3 -> 0 | G39: =Template!$AD$4 -> 0 | H39: =Template!$AD$5 -> 0 | I39: =Template!$AD$6 -> 0 | J39: =Template!$AD$7 -> 0 | K39: =Template!$AD$8 -> 0 | L39: =Template!$AD$9 -> 0 | M39: =Template!$AD$10 -> 0 | N39: =Template!$AD$11 -> 0 | O39: =Template!$AD$12 -> 0 | P39: =Template!$AD$13 -> 0 | Q39: =Template!$AD$17 -> 0 | R39: =Template!$AD$18 -> 0 | S39: =Template!$AD$19 -> 0 | T39: =Template!$AD$20 -> 0 | U39: =Template!$AD$21 -> 0 | V39: =Template!$AD$22 -> 0 | W39: =Template!#REF! -> #REF! | X39: =Template!#REF! -> #REF! | Y39: =Template!#REF! -> #REF! | Z39: =Template!#REF! -> #REF! | AA39: =Template!#REF! -> #REF! | AB39: =Template!#REF! -> #REF! | AC39: =Template!#REF! -> #REF! | AD39: =Template!#REF! -> #REF! | ... AH39: =Template!#REF! -> #REF! | AI39: =Template!$AD$28 -> 0 | AJ39: =Template!$AD$29 -> 0 | AK39: =Template!$AD$30 -> 0 | AL39: =Template!$AD$31 -> 0 | AM39: =Template!$AD$32 -> 0 | AN39: =Template!$AD$33 -> 0 | AO39: =Template!$AD$34 -> 0 | AP39: =Template!$AD$35 -> 0 | AQ39: =Template!#REF! -> #REF! | AR39: =Template!#REF! -> #REF! | AS39: =Template!#REF! -> #REF! | AT39: =Template!#REF! -> #REF! | AU39: =Template!#REF! -> #REF! | AV39: =Template!#REF! -> #REF! | AW39: =Template!#REF! -> #REF! | AX39: =Template!#REF! -> #REF! | AY39: =Template!$AD$37 -> 0 | AZ39: =Template!$AD$38 -> 0 | BA39: =Template!$AD$39 -> 0 | BB39: =Template!$AD$40 -> 0 | BC39: =Template!$AD$41 -> 0 | BD39: =Template!$AD$42 -> 0 | BE39: =Template!$AD$43 -> 0 | BF39: =Template!$AD$44 -> 0 | BG39: =Template!$AD$45 -> 0 | BH39: =Template!$AD$46 -> 0 | BI39: =Template!$AD$47 -> 0 | BJ39: =Template!$AD$48 -> 0 | BK39: =Template!$AD$52 -> 0 | BL39: =Template!$AD$53 -> 0 | BM39: =Template!$AD$54 -> 0 | BN39: =Template!#REF! -> #REF! | BO39: =Template!#REF! -> #REF! | BP39: =Template!#REF! -> #REF! | BQ39: =Template!#REF! -> #REF! | BR39: =Template!#REF! -> #REF! | BS39: =Template!#REF! -> #REF! | BT39: =Template!#REF! -> #REF! | BU39: =Template!#REF! -> #REF! | ... CN39: =Template!#REF! -> #REF!
A40: =Template!#REF! -> #REF! | B40: =Template!#REF! -> #REF! | C40: =Template!#REF! -> #REF! | D40: =Template!$AE$1 -> 0 | E40: =Template!$AE$2 -> 0 | F40: =Template!$AE$3 -> 0 | G40: =Template!$AE$4 -> 0 | H40: =Template!$AE$5 -> 0 | I40: =Template!$AE$6 -> 0 | J40: =Template!$AE$7 -> 0 | K40: =Template!$AE$8 -> 0 | L40: =Template!$AE$9 -> 0 | M40: =Template!$AE$10 -> 0 | N40: =Template!$AE$11 -> 0 | O40: =Template!$AE$12 -> 0 | P40: =Template!$AE$13 -> 0 | Q40: =Template!$AE$17 -> 0 | R40: =Template!$AE$18 -> 0 | S40: =Template!$AE$19 -> 0 | T40: =Template!$AE$20 -> 0 | U40: =Template!$AE$21 -> 0 | V40: =Template!$AE$22 -> 0 | W40: =Template!#REF! -> #REF! | X40: =Template!#REF! -> #REF! | Y40: =Template!#REF! -> #REF! | Z40: =Template!#REF! -> #REF! | AA40: =Template!#REF! -> #REF! | AB40: =Template!#REF! -> #REF! | AC40: =Template!#REF! -> #REF! | AD40: =Template!#REF! -> #REF! | ... AH40: =Template!#REF! -> #REF! | AI40: =Template!$AE$28 -> 0 | AJ40: =Template!$AE$29 -> 0 | AK40: =Template!$AE$30 -> 0 | AL40: =Template!$AE$31 -> 0 | AM40: =Template!$AE$32 -> 0 | AN40: =Template!$AE$33 -> 0 | AO40: =Template!$AE$34 -> 0 | AP40: =Template!$AE$35 -> 0 | AQ40: =Template!#REF! -> #REF! | AR40: =Template!#REF! -> #REF! | AS40: =Template!#REF! -> #REF! | AT40: =Template!#REF! -> #REF! | AU40: =Template!#REF! -> #REF! | AV40: =Template!#REF! -> #REF! | AW40: =Template!#REF! -> #REF! | AX40: =Template!#REF! -> #REF! | AY40: =Template!$AE$37 -> 0 | AZ40: =Template!$AE$38 -> 0 | BA40: =Template!$AE$39 -> 0 | BB40: =Template!$AE$40 -> 0 | BC40: =Template!$AE$41 -> 0 | BD40: =Template!$AE$42 -> 0 | BE40: =Template!$AE$43 -> 0 | BF40: =Template!$AE$44 -> 0 | BG40: =Template!$AE$45 -> 0 | BH40: =Template!$AE$46 -> 0 | BI40: =Template!$AE$47 -> 0 | BJ40: =Template!$AE$48 -> 0 | BK40: =Template!$AE$52 -> 0 | BL40: =Template!$AE$53 -> 0 | BM40: =Template!$AE$54 -> 0 | BN40: =Template!#REF! -> #REF! | BO40: =Template!#REF! -> #REF! | BP40: =Template!#REF! -> #REF! | BQ40: =Template!#REF! -> #REF! | BR40: =Template!#REF! -> #REF! | BS40: =Template!#REF! -> #REF! | BT40: =Template!#REF! -> #REF! | BU40: =Template!#REF! -> #REF! | ... CN40: =Template!#REF! -> #REF!
A41: =Template!#REF! -> #REF! | B41: =Template!#REF! -> #REF! | C41: =Template!#REF! -> #REF! | D41: =Template!$AF$1 -> 0 | E41: =Template!$AF$2 -> 0 | F41: =Template!$AF$3 -> 0 | G41: =Template!$AF$4 -> 0 | H41: =Template!$AF$5 -> 0 | I41: =Template!$AF$6 -> 0 | J41: =Template!$AF$7 -> 0 | K41: =Template!$AF$8 -> 0 | L41: =Template!$AF$9 -> 0 | M41: =Template!$AF$10 -> 0 | N41: =Template!$AF$11 -> 0 | O41: =Template!$AF$12 -> 0 | P41: =Template!$AF$13 -> 0 | Q41: =Template!$AF$17 -> 0 | R41: =Template!$AF$18 -> 0 | S41: =Template!$AF$19 -> 0 | T41: =Template!$AF$20 -> 0 | U41: =Template!$AF$21 -> 0 | V41: =Template!$AF$22 -> 0 | W41: =Template!#REF! -> #REF! | X41: =Template!#REF! -> #REF! | Y41: =Template!#REF! -> #REF! | Z41: =Template!#REF! -> #REF! | AA41: =Template!#REF! -> #REF! | AB41: =Template!#REF! -> #REF! | AC41: =Template!#REF! -> #REF! | AD41: =Template!#REF! -> #REF! | ... AH41: =Template!#REF! -> #REF! | AI41: =Template!$AF$28 -> 0 | AJ41: =Template!$AF$29 -> 0 | AK41: =Template!$AF$30 -> 0 | AL41: =Template!$AF$31 -> 0 | AM41: =Template!$AF$32 -> 0 | AN41: =Template!$AF$33 -> 0 | AO41: =Template!$AF$34 -> 0 | AP41: =Template!$AF$35 -> 0 | AQ41: =Template!#REF! -> #REF! | AR41: =Template!#REF! -> #REF! | AS41: =Template!#REF! -> #REF! | AT41: =Template!#REF! -> #REF! | AU41: =Template!#REF! -> #REF! | AV41: =Template!#REF! -> #REF! | AW41: =Template!#REF! -> #REF! | AX41: =Template!#REF! -> #REF! | AY41: =Template!$AF$37 -> 0 | AZ41: =Template!$AF$38 -> 0 | BA41: =Template!$AF$39 -> 0 | BB41: =Template!$AF$40 -> 0 | BC41: =Template!$AF$41 -> 0 | BD41: =Template!$AF$42 -> 0 | BE41: =Template!$AF$43 -> 0 | BF41: =Template!$AF$44 -> 0 | BG41: =Template!$AF$45 -> 0 | BH41: =Template!$AF$46 -> 0 | BI41: =Template!$AF$47 -> 0 | BJ41: =Template!$AF$48 -> 0 | BK41: =Template!$AF$52 -> 0 | BL41: =Template!$AF$53 -> 0 | BM41: =Template!$AF$54 -> 0 | BN41: =Template!#REF! -> #REF! | BO41: =Template!#REF! -> #REF! | BP41: =Template!#REF! -> #REF! | BQ41: =Template!#REF! -> #REF! | BR41: =Template!#REF! -> #REF! | BS41: =Template!#REF! -> #REF! | BT41: =Template!#REF! -> #REF! | BU41: =Template!#REF! -> #REF! | ... CN41: =Template!#REF! -> #REF!
A42: =Template!#REF! -> #REF! | B42: =Template!#REF! -> #REF! | C42: =Template!#REF! -> #REF! | D42: =Template!$AG$1 -> 0 | E42: =Template!$AG$2 -> 0 | F42: =Template!$AG$3 -> 0 | G42: =Template!$AG$4 -> 0 | H42: =Template!$AG$5 -> 0 | I42: =Template!$AG$6 -> 0 | J42: =Template!$AG$7 -> 0 | K42: =Template!$AG$8 -> 0 | L42: =Template!$AG$9 -> 0 | M42: =Template!$AG$10 -> 0 | N42: =Template!$AG$11 -> 0 | O42: =Template!$AG$12 -> 0 | P42: =Template!$AG$13 -> 0 | Q42: =Template!$AG$17 -> 0 | R42: =Template!$AG$18 -> 0 | S42: =Template!$AG$19 -> 0 | T42: =Template!$AG$20 -> 0 | U42: =Template!$AG$21 -> 0 | V42: =Template!$AG$22 -> 0 | W42: =Template!#REF! -> #REF! | X42: =Template!#REF! -> #REF! | Y42: =Template!#REF! -> #REF! | Z42: =Template!#REF! -> #REF! | AA42: =Template!#REF! -> #REF! | AB42: =Template!#REF! -> #REF! | AC42: =Template!#REF! -> #REF! | AD42: =Template!#REF! -> #REF! | ... AH42: =Template!#REF! -> #REF! | AI42: =Template!$AG$28 -> 0 | AJ42: =Template!$AG$29 -> 0 | AK42: =Template!$AG$30 -> 0 | AL42: =Template!$AG$31 -> 0 | AM42: =Template!$AG$32 -> 0 | AN42: =Template!$AG$33 -> 0 | AO42: =Template!$AG$34 -> 0 | AP42: =Template!$AG$35 -> 0 | AQ42: =Template!#REF! -> #REF! | AR42: =Template!#REF! -> #REF! | AS42: =Template!#REF! -> #REF! | AT42: =Template!#REF! -> #REF! | AU42: =Template!#REF! -> #REF! | AV42: =Template!#REF! -> #REF! | AW42: =Template!#REF! -> #REF! | AX42: =Template!#REF! -> #REF! | AY42: =Template!$AG$37 -> 0 | AZ42: =Template!$AG$38 -> 0 | BA42: =Template!$AG$39 -> 0 | BB42: =Template!$AG$40 -> 0 | BC42: =Template!$AG$41 -> 0 | BD42: =Template!$AG$42 -> 0 | BE42: =Template!$AG$43 -> 0 | BF42: =Template!$AG$44 -> 0 | BG42: =Template!$AG$45 -> 0 | BH42: =Template!$AG$46 -> 0 | BI42: =Template!$AG$47 -> 0 | BJ42: =Template!$AG$48 -> 0 | BK42: =Template!$AG$52 -> 0 | BL42: =Template!$AG$53 -> 0 | BM42: =Template!$AG$54 -> 0 | BN42: =Template!#REF! -> #REF! | BO42: =Template!#REF! -> #REF! | BP42: =Template!#REF! -> #REF! | BQ42: =Template!#REF! -> #REF! | BR42: =Template!#REF! -> #REF! | BS42: =Template!#REF! -> #REF! | BT42: =Template!#REF! -> #REF! | BU42: =Template!#REF! -> #REF! | ... CN42: =Template!#REF! -> #REF!
A43: =Template!#REF! -> #REF! | B43: =Template!#REF! -> #REF! | C43: =Template!#REF! -> #REF! | D43: =Template!$AH$1 -> 0 | E43: =Template!$AH$2 -> 0 | F43: =Template!$AH$3 -> 0 | G43: =Template!$AH$4 -> 0 | H43: =Template!$AH$5 -> 0 | I43: =Template!$AH$6 -> 0 | J43: =Template!$AH$7 -> 0 | K43: =Template!$AH$8 -> 0 | L43: =Template!$AH$9 -> 0 | M43: =Template!$AH$10 -> 0 | N43: =Template!$AH$11 -> 0 | O43: =Template!$AH$12 -> 0 | P43: =Template!$AH$13 -> 0 | Q43: =Template!$AH$17 -> 0 | R43: =Template!$AH$18 -> 0 | S43: =Template!$AH$19 -> 0 | T43: =Template!$AH$20 -> 0 | U43: =Template!$AH$21 -> 0 | V43: =Template!$AH$22 -> 0 | W43: =Template!#REF! -> #REF! | X43: =Template!#REF! -> #REF! | Y43: =Template!#REF! -> #REF! | Z43: =Template!#REF! -> #REF! | AA43: =Template!#REF! -> #REF! | AB43: =Template!#REF! -> #REF! | AC43: =Template!#REF! -> #REF! | AD43: =Template!#REF! -> #REF! | ... AH43: =Template!#REF! -> #REF! | AI43: =Template!$AH$28 -> 0 | AJ43: =Template!$AH$29 -> 0 | AK43: =Template!$AH$30 -> 0 | AL43: =Template!$AH$31 -> 0 | AM43: =Template!$AH$32 -> 0 | AN43: =Template!$AH$33 -> 0 | AO43: =Template!$AH$34 -> 0 | AP43: =Template!$AH$35 -> 0 | AQ43: =Template!#REF! -> #REF! | AR43: =Template!#REF! -> #REF! | AS43: =Template!#REF! -> #REF! | AT43: =Template!#REF! -> #REF! | AU43: =Template!#REF! -> #REF! | AV43: =Template!#REF! -> #REF! | AW43: =Template!#REF! -> #REF! | AX43: =Template!#REF! -> #REF! | AY43: =Template!$AH$37 -> 0 | AZ43: =Template!$AH$38 -> 0 | BA43: =Template!$AH$39 -> 0 | BB43: =Template!$AH$40 -> 0 | BC43: =Template!$AH$41 -> 0 | BD43: =Template!$AH$42 -> 0 | BE43: =Template!$AH$43 -> 0 | BF43: =Template!$AH$44 -> 0 | BG43: =Template!$AH$45 -> 0 | BH43: =Template!$AH$46 -> 0 | BI43: =Template!$AH$47 -> 0 | BJ43: =Template!$AH$48 -> 0 | BK43: =Template!$AH$52 -> 0 | BL43: =Template!$AH$53 -> 0 | BM43: =Template!$AH$54 -> 0 | BN43: =Template!#REF! -> #REF! | BO43: =Template!#REF! -> #REF! | BP43: =Template!#REF! -> #REF! | BQ43: =Template!#REF! -> #REF! | BR43: =Template!#REF! -> #REF! | BS43: =Template!#REF! -> #REF! | BT43: =Template!#REF! -> #REF! | BU43: =Template!#REF! -> #REF! | ... CN43: =Template!#REF! -> #REF!
A44: =Template!#REF! -> #REF! | B44: =Template!#REF! -> #REF! | C44: =Template!#REF! -> #REF! | D44: =Template!$AI$1 -> 0 | E44: =Template!$AI$2 -> 0 | F44: =Template!$AI$3 -> 0 | G44: =Template!$AI$4 -> 0 | H44: =Template!$AI$5 -> 0 | I44: =Template!$AI$6 -> 0 | J44: =Template!$AI$7 -> 0 | K44: =Template!$AI$8 -> 0 | L44: =Template!$AI$9 -> 0 | M44: =Template!$AI$10 -> 0 | N44: =Template!$AI$11 -> 0 | O44: =Template!$AI$12 -> 0 | P44: =Template!$AI$13 -> 0 | Q44: =Template!$AI$17 -> 0 | R44: =Template!$AI$18 -> 0 | S44: =Template!$AI$19 -> 0 | T44: =Template!$AI$20 -> 0 | U44: =Template!$AI$21 -> 0 | V44: =Template!$AI$22 -> 0 | W44: =Template!#REF! -> #REF! | X44: =Template!#REF! -> #REF! | Y44: =Template!#REF! -> #REF! | Z44: =Template!#REF! -> #REF! | AA44: =Template!#REF! -> #REF! | AB44: =Template!#REF! -> #REF! | AC44: =Template!#REF! -> #REF! | AD44: =Template!#REF! -> #REF! | ... AH44: =Template!#REF! -> #REF! | AI44: =Template!$AI$28 -> 0 | AJ44: =Template!$AI$29 -> 0 | AK44: =Template!$AI$30 -> 0 | AL44: =Template!$AI$31 -> 0 | AM44: =Template!$AI$32 -> 0 | AN44: =Template!$AI$33 -> 0 | AO44: =Template!$AI$34 -> 0 | AP44: =Template!$AI$35 -> 0 | AQ44: =Template!#REF! -> #REF! | AR44: =Template!#REF! -> #REF! | AS44: =Template!#REF! -> #REF! | AT44: =Template!#REF! -> #REF! | AU44: =Template!#REF! -> #REF! | AV44: =Template!#REF! -> #REF! | AW44: =Template!#REF! -> #REF! | AX44: =Template!#REF! -> #REF! | AY44: =Template!$AI$37 -> 0 | AZ44: =Template!$AI$38 -> 0 | BA44: =Template!$AI$39 -> 0 | BB44: =Template!$AI$40 -> 0 | BC44: =Template!$AI$41 -> 0 | BD44: =Template!$AI$42 -> 0 | BE44: =Template!$AI$43 -> 0 | BF44: =Template!$AI$44 -> 0 | BG44: =Template!$AI$45 -> 0 | BH44: =Template!$AI$46 -> 0 | BI44: =Template!$AI$47 -> 0 | BJ44: =Template!$AI$48 -> 0 | BK44: =Template!$AI$52 -> 0 | BL44: =Template!$AI$53 -> 0 | BM44: =Template!$AI$54 -> 0 | BN44: =Template!#REF! -> #REF! | BO44: =Template!#REF! -> #REF! | BP44: =Template!#REF! -> #REF! | BQ44: =Template!#REF! -> #REF! | BR44: =Template!#REF! -> #REF! | BS44: =Template!#REF! -> #REF! | BT44: =Template!#REF! -> #REF! | BU44: =Template!#REF! -> #REF! | ... CN44: =Template!#REF! -> #REF!
A45: =Template!#REF! -> #REF! | B45: =Template!#REF! -> #REF! | C45: =Template!#REF! -> #REF! | D45: =Template!$AJ$1 -> 0 | E45: =Template!$AJ$2 -> 0 | F45: =Template!$AJ$3 -> 0 | G45: =Template!$AJ$4 -> 0 | H45: =Template!$AJ$5 -> 0 | I45: =Template!$AJ$6 -> 0 | J45: =Template!$AJ$7 -> 0 | K45: =Template!$AJ$8 -> 0 | L45: =Template!$AJ$9 -> 0 | M45: =Template!$AJ$10 -> 0 | N45: =Template!$AJ$11 -> 0 | O45: =Template!$AJ$12 -> 0 | P45: =Template!$AJ$13 -> 0 | Q45: =Template!$AJ$17 -> 0 | R45: =Template!$AJ$18 -> 0 | S45: =Template!$AJ$19 -> 0 | T45: =Template!$AJ$20 -> 0 | U45: =Template!$AJ$21 -> 0 | V45: =Template!$AJ$22 -> 0 | W45: =Template!#REF! -> #REF! | X45: =Template!#REF! -> #REF! | Y45: =Template!#REF! -> #REF! | Z45: =Template!#REF! -> #REF! | AA45: =Template!#REF! -> #REF! | AB45: =Template!#REF! -> #REF! | AC45: =Template!#REF! -> #REF! | AD45: =Template!#REF! -> #REF! | ... AH45: =Template!#REF! -> #REF! | AI45: =Template!$AJ$28 -> 0 | AJ45: =Template!$AJ$29 -> 0 | AK45: =Template!$AJ$30 -> 0 | AL45: =Template!$AJ$31 -> 0 | AM45: =Template!$AJ$32 -> 0 | AN45: =Template!$AJ$33 -> 0 | AO45: =Template!$AJ$34 -> 0 | AP45: =Template!$AJ$35 -> 0 | AQ45: =Template!#REF! -> #REF! | AR45: =Template!#REF! -> #REF! | AS45: =Template!#REF! -> #REF! | AT45: =Template!#REF! -> #REF! | AU45: =Template!#REF! -> #REF! | AV45: =Template!#REF! -> #REF! | AW45: =Template!#REF! -> #REF! | AX45: =Template!#REF! -> #REF! | AY45: =Template!$AJ$37 -> 0 | AZ45: =Template!$AJ$38 -> 0 | BA45: =Template!$AJ$39 -> 0 | BB45: =Template!$AJ$40 -> 0 | BC45: =Template!$AJ$41 -> 0 | BD45: =Template!$AJ$42 -> 0 | BE45: =Template!$AJ$43 -> 0 | BF45: =Template!$AJ$44 -> 0 | BG45: =Template!$AJ$45 -> 0 | BH45: =Template!$AJ$46 -> 0 | BI45: =Template!$AJ$47 -> 0 | BJ45: =Template!$AJ$48 -> 0 | BK45: =Template!$AJ$52 -> 0 | BL45: =Template!$AJ$53 -> 0 | BM45: =Template!$AJ$54 -> 0 | BN45: =Template!#REF! -> #REF! | BO45: =Template!#REF! -> #REF! | BP45: =Template!#REF! -> #REF! | BQ45: =Template!#REF! -> #REF! | BR45: =Template!#REF! -> #REF! | BS45: =Template!#REF! -> #REF! | BT45: =Template!#REF! -> #REF! | BU45: =Template!#REF! -> #REF! | ... CN45: =Template!#REF! -> #REF!
A46: =Template!#REF! -> #REF! | B46: =Template!#REF! -> #REF! | C46: =Template!#REF! -> #REF! | D46: =Template!$AK$1 -> 0 | E46: =Template!$AK$2 -> 0 | F46: =Template!$AK$3 -> 0 | G46: =Template!$AK$4 -> 0 | H46: =Template!$AK$5 -> 0 | I46: =Template!$AK$6 -> 0 | J46: =Template!$AK$7 -> 0 | K46: =Template!$AK$8 -> 0 | L46: =Template!$AK$9 -> 0 | M46: =Template!$AK$10 -> 0 | N46: =Template!$AK$11 -> 0 | O46: =Template!$AK$12 -> 0 | P46: =Template!$AK$13 -> 0 | Q46: =Template!$AK$17 -> 0 | R46: =Template!$AK$18 -> 0 | S46: =Template!$AK$19 -> 0 | T46: =Template!$AK$20 -> 0 | U46: =Template!$AK$21 -> 0 | V46: =Template!$AK$22 -> 0 | W46: =Template!#REF! -> #REF! | X46: =Template!#REF! -> #REF! | Y46: =Template!#REF! -> #REF! | Z46: =Template!#REF! -> #REF! | AA46: =Template!#REF! -> #REF! | AB46: =Template!#REF! -> #REF! | AC46: =Template!#REF! -> #REF! | AD46: =Template!#REF! -> #REF! | ... AH46: =Template!#REF! -> #REF! | AI46: =Template!$AK$28 -> 0 | AJ46: =Template!$AK$29 -> 0 | AK46: =Template!$AK$30 -> 0 | AL46: =Template!$AK$31 -> 0 | AM46: =Template!$AK$32 -> 0 | AN46: =Template!$AK$33 -> 0 | AO46: =Template!$AK$34 -> 0 | AP46: =Template!$AK$35 -> 0 | AQ46: =Template!#REF! -> #REF! | AR46: =Template!#REF! -> #REF! | AS46: =Template!#REF! -> #REF! | AT46: =Template!#REF! -> #REF! | AU46: =Template!#REF! -> #REF! | AV46: =Template!#REF! -> #REF! | AW46: =Template!#REF! -> #REF! | AX46: =Template!#REF! -> #REF! | AY46: =Template!$AK$37 -> 0 | AZ46: =Template!$AK$38 -> 0 | BA46: =Template!$AK$39 -> 0 | BB46: =Template!$AK$40 -> 0 | BC46: =Template!$AK$41 -> 0 | BD46: =Template!$AK$42 -> 0 | BE46: =Template!$AK$43 -> 0 | BF46: =Template!$AK$44 -> 0 | BG46: =Template!$AK$45 -> 0 | BH46: =Template!$AK$46 -> 0 | BI46: =Template!$AK$47 -> 0 | BJ46: =Template!$AK$48 -> 0 | BK46: =Template!$AK$52 -> 0 | BL46: =Template!$AK$53 -> 0 | BM46: =Template!$AK$54 -> 0 | BN46: =Template!#REF! -> #REF! | BO46: =Template!#REF! -> #REF! | BP46: =Template!#REF! -> #REF! | BQ46: =Template!#REF! -> #REF! | BR46: =Template!#REF! -> #REF! | BS46: =Template!#REF! -> #REF! | BT46: =Template!#REF! -> #REF! | BU46: =Template!#REF! -> #REF! | ... CN46: =Template!#REF! -> #REF!
A47: =Template!#REF! -> #REF! | B47: =Template!#REF! -> #REF! | C47: =Template!#REF! -> #REF! | D47: =Template!$AL$1 -> 0 | E47: =Template!$AL$2 -> 0 | F47: =Template!$AL$3 -> 0 | G47: =Template!$AL$4 -> 0 | H47: =Template!$AL$5 -> 0 | I47: =Template!$AL$6 -> 0 | J47: =Template!$AL$7 -> 0 | K47: =Template!$AL$8 -> 0 | L47: =Template!$AL$9 -> 0 | M47: =Template!$AL$10 -> 0 | N47: =Template!$AL$11 -> 0 | O47: =Template!$AL$12 -> 0 | P47: =Template!$AL$13 -> 0 | Q47: =Template!$AL$17 -> 0 | R47: =Template!$AL$18 -> 0 | S47: =Template!$AL$19 -> 0 | T47: =Template!$AL$20 -> 0 | U47: =Template!$AL$21 -> 0 | V47: =Template!$AL$22 -> 0 | W47: =Template!#REF! -> #REF! | X47: =Template!#REF! -> #REF! | Y47: =Template!#REF! -> #REF! | Z47: =Template!#REF! -> #REF! | AA47: =Template!#REF! -> #REF! | AB47: =Template!#REF! -> #REF! | AC47: =Template!#REF! -> #REF! | AD47: =Template!#REF! -> #REF! | ... AH47: =Template!#REF! -> #REF! | AI47: =Template!$AL$28 -> 0 | AJ47: =Template!$AL$29 -> 0 | AK47: =Template!$AL$30 -> 0 | AL47: =Template!$AL$31 -> 0 | AM47: =Template!$AL$32 -> 0 | AN47: =Template!$AL$33 -> 0 | AO47: =Template!$AL$34 -> 0 | AP47: =Template!$AL$35 -> 0 | AQ47: =Template!#REF! -> #REF! | AR47: =Template!#REF! -> #REF! | AS47: =Template!#REF! -> #REF! | AT47: =Template!#REF! -> #REF! | AU47: =Template!#REF! -> #REF! | AV47: =Template!#REF! -> #REF! | AW47: =Template!#REF! -> #REF! | AX47: =Template!#REF! -> #REF! | AY47: =Template!$AL$37 -> 0 | AZ47: =Template!$AL$38 -> 0 | BA47: =Template!$AL$39 -> 0 | BB47: =Template!$AL$40 -> 0 | BC47: =Template!$AL$41 -> 0 | BD47: =Template!$AL$42 -> 0 | BE47: =Template!$AL$43 -> 0 | BF47: =Template!$AL$44 -> 0 | BG47: =Template!$AL$45 -> 0 | BH47: =Template!$AL$46 -> 0 | BI47: =Template!$AL$47 -> 0 | BJ47: =Template!$AL$48 -> 0 | BK47: =Template!$AL$52 -> 0 | BL47: =Template!$AL$53 -> 0 | BM47: =Template!$AL$54 -> 0 | BN47: =Template!#REF! -> #REF! | BO47: =Template!#REF! -> #REF! | BP47: =Template!#REF! -> #REF! | BQ47: =Template!#REF! -> #REF! | BR47: =Template!#REF! -> #REF! | BS47: =Template!#REF! -> #REF! | BT47: =Template!#REF! -> #REF! | BU47: =Template!#REF! -> #REF! | ... CN47: =Template!#REF! -> #REF!
A48: =Template!#REF! -> #REF! | B48: =Template!#REF! -> #REF! | C48: =Template!#REF! -> #REF! | D48: =Template!$AM$1 -> 0 | E48: =Template!$AM$2 -> 0 | F48: =Template!$AM$3 -> 0 | G48: =Template!$AM$4 -> 0 | H48: =Template!$AM$5 -> 0 | I48: =Template!$AM$6 -> 0 | J48: =Template!$AM$7 -> 0 | K48: =Template!$AM$8 -> 0 | L48: =Template!$AM$9 -> 0 | M48: =Template!$AM$10 -> 0 | N48: =Template!$AM$11 -> 0 | O48: =Template!$AM$12 -> 0 | P48: =Template!$AM$13 -> 0 | Q48: =Template!$AM$17 -> 0 | R48: =Template!$AM$18 -> 0 | S48: =Template!$AM$19 -> 0 | T48: =Template!$AM$20 -> 0 | U48: =Template!$AM$21 -> 0 | V48: =Template!$AM$22 -> 0 | W48: =Template!#REF! -> #REF! | X48: =Template!#REF! -> #REF! | Y48: =Template!#REF! -> #REF! | Z48: =Template!#REF! -> #REF! | AA48: =Template!#REF! -> #REF! | AB48: =Template!#REF! -> #REF! | AC48: =Template!#REF! -> #REF! | AD48: =Template!#REF! -> #REF! | ... AH48: =Template!#REF! -> #REF! | AI48: =Template!$AM$28 -> 0 | AJ48: =Template!$AM$29 -> 0 | AK48: =Template!$AM$30 -> 0 | AL48: =Template!$AM$31 -> 0 | AM48: =Template!$AM$32 -> 0 | AN48: =Template!$AM$33 -> 0 | AO48: =Template!$AM$34 -> 0 | AP48: =Template!$AM$35 -> 0 | AQ48: =Template!#REF! -> #REF! | AR48: =Template!#REF! -> #REF! | AS48: =Template!#REF! -> #REF! | AT48: =Template!#REF! -> #REF! | AU48: =Template!#REF! -> #REF! | AV48: =Template!#REF! -> #REF! | AW48: =Template!#REF! -> #REF! | AX48: =Template!#REF! -> #REF! | AY48: =Template!$AM$37 -> 0 | AZ48: =Template!$AM$38 -> 0 | BA48: =Template!$AM$39 -> 0 | BB48: =Template!$AM$40 -> 0 | BC48: =Template!$AM$41 -> 0 | BD48: =Template!$AM$42 -> 0 | BE48: =Template!$AM$43 -> 0 | BF48: =Template!$AM$44 -> 0 | BG48: =Template!$AM$45 -> 0 | BH48: =Template!$AM$46 -> 0 | BI48: =Template!$AM$47 -> 0 | BJ48: =Template!$AM$48 -> 0 | BK48: =Template!$AM$52 -> 0 | BL48: =Template!$AM$53 -> 0 | BM48: =Template!$AM$54 -> 0 | BN48: =Template!#REF! -> #REF! | BO48: =Template!#REF! -> #REF! | BP48: =Template!#REF! -> #REF! | BQ48: =Template!#REF! -> #REF! | BR48: =Template!#REF! -> #REF! | BS48: =Template!#REF! -> #REF! | BT48: =Template!#REF! -> #REF! | BU48: =Template!#REF! -> #REF! | ... CN48: =Template!#REF! -> #REF!
A49: =Template!#REF! -> #REF! | B49: =Template!#REF! -> #REF! | C49: =Template!#REF! -> #REF! | D49: =Template!$AN$1 -> 0 | E49: =Template!$AN$2 -> 0 | F49: =Template!$AN$3 -> 0 | G49: =Template!$AN$4 -> 0 | H49: =Template!$AN$5 -> 0 | I49: =Template!$AN$6 -> 0 | J49: =Template!$AN$7 -> 0 | K49: =Template!$AN$8 -> 0 | L49: =Template!$AN$9 -> 0 | M49: =Template!$AN$10 -> 0 | N49: =Template!$AN$11 -> 0 | O49: =Template!$AN$12 -> 0 | P49: =Template!$AN$13 -> 0 | Q49: =Template!$AN$17 -> 0 | R49: =Template!$AN$18 -> 0 | S49: =Template!$AN$19 -> 0 | T49: =Template!$AN$20 -> 0 | U49: =Template!$AN$21 -> 0 | V49: =Template!$AN$22 -> 0 | W49: =Template!#REF! -> #REF! | X49: =Template!#REF! -> #REF! | Y49: =Template!#REF! -> #REF! | Z49: =Template!#REF! -> #REF! | AA49: =Template!#REF! -> #REF! | AB49: =Template!#REF! -> #REF! | AC49: =Template!#REF! -> #REF! | AD49: =Template!#REF! -> #REF! | ... AH49: =Template!#REF! -> #REF! | AI49: =Template!$AN$28 -> 0 | AJ49: =Template!$AN$29 -> 0 | AK49: =Template!$AN$30 -> 0 | AL49: =Template!$AN$31 -> 0 | AM49: =Template!$AN$32 -> 0 | AN49: =Template!$AN$33 -> 0 | AO49: =Template!$AN$34 -> 0 | AP49: =Template!$AN$35 -> 0 | AQ49: =Template!#REF! -> #REF! | AR49: =Template!#REF! -> #REF! | AS49: =Template!#REF! -> #REF! | AT49: =Template!#REF! -> #REF! | AU49: =Template!#REF! -> #REF! | AV49: =Template!#REF! -> #REF! | AW49: =Template!#REF! -> #REF! | AX49: =Template!#REF! -> #REF! | AY49: =Template!$AN$37 -> 0 | AZ49: =Template!$AN$38 -> 0 | BA49: =Template!$AN$39 -> 0 | BB49: =Template!$AN$40 -> 0 | BC49: =Template!$AN$41 -> 0 | BD49: =Template!$AN$42 -> 0 | BE49: =Template!$AN$43 -> 0 | BF49: =Template!$AN$44 -> 0 | BG49: =Template!$AN$45 -> 0 | BH49: =Template!$AN$46 -> 0 | BI49: =Template!$AN$47 -> 0 | BJ49: =Template!$AN$48 -> 0 | BK49: =Template!$AN$52 -> 0 | BL49: =Template!$AN$53 -> 0 | BM49: =Template!$AN$54 -> 0 | BN49: =Template!#REF! -> #REF! | BO49: =Template!#REF! -> #REF! | BP49: =Template!#REF! -> #REF! | BQ49: =Template!#REF! -> #REF! | BR49: =Template!#REF! -> #REF! | BS49: =Template!#REF! -> #REF! | BT49: =Template!#REF! -> #REF! | BU49: =Template!#REF! -> #REF! | ... CN49: =Template!#REF! -> #REF!
A50: =Template!#REF! -> #REF! | B50: =Template!#REF! -> #REF! | C50: =Template!#REF! -> #REF! | D50: =Template!$AO$1 -> 0 | E50: =Template!$AO$2 -> 0 | F50: =Template!$AO$3 -> 0 | G50: =Template!$AO$4 -> 0 | H50: =Template!$AO$5 -> 0 | I50: =Template!$AO$6 -> 0 | J50: =Template!$AO$7 -> 0 | K50: =Template!$AO$8 -> 0 | L50: =Template!$AO$9 -> 0 | M50: =Template!$AO$10 -> 0 | N50: =Template!$AO$11 -> 0 | O50: =Template!$AO$12 -> 0 | P50: =Template!$AO$13 -> 0 | Q50: =Template!$AO$17 -> 0 | R50: =Template!$AO$18 -> 0 | S50: =Template!$AO$19 -> 0 | T50: =Template!$AO$20 -> 0 | U50: =Template!$AO$21 -> 0 | V50: =Template!$AO$22 -> 0 | W50: =Template!#REF! -> #REF! | X50: =Template!#REF! -> #REF! | Y50: =Template!#REF! -> #REF! | Z50: =Template!#REF! -> #REF! | AA50: =Template!#REF! -> #REF! | AB50: =Template!#REF! -> #REF! | AC50: =Template!#REF! -> #REF! | AD50: =Template!#REF! -> #REF! | ... AH50: =Template!#REF! -> #REF! | AI50: =Template!$AO$28 -> 0 | AJ50: =Template!$AO$29 -> 0 | AK50: =Template!$AO$30 -> 0 | AL50: =Template!$AO$31 -> 0 | AM50: =Template!$AO$32 -> 0 | AN50: =Template!$AO$33 -> 0 | AO50: =Template!$AO$34 -> 0 | AP50: =Template!$AO$35 -> 0 | AQ50: =Template!#REF! -> #REF! | AR50: =Template!#REF! -> #REF! | AS50: =Template!#REF! -> #REF! | AT50: =Template!#REF! -> #REF! | AU50: =Template!#REF! -> #REF! | AV50: =Template!#REF! -> #REF! | AW50: =Template!#REF! -> #REF! | AX50: =Template!#REF! -> #REF! | AY50: =Template!$AO$37 -> 0 | AZ50: =Template!$AO$38 -> 0 | BA50: =Template!$AO$39 -> 0 | BB50: =Template!$AO$40 -> 0 | BC50: =Template!$AO$41 -> 0 | BD50: =Template!$AO$42 -> 0 | BE50: =Template!$AO$43 -> 0 | BF50: =Template!$AO$44 -> 0 | BG50: =Template!$AO$45 -> 0 | BH50: =Template!$AO$46 -> 0 | BI50: =Template!$AO$47 -> 0 | BJ50: =Template!$AO$48 -> 0 | BK50: =Template!$AO$52 -> 0 | BL50: =Template!$AO$53 -> 0 | BM50: =Template!$AO$54 -> 0 | BN50: =Template!#REF! -> #REF! | BO50: =Template!#REF! -> #REF! | BP50: =Template!#REF! -> #REF! | BQ50: =Template!#REF! -> #REF! | BR50: =Template!#REF! -> #REF! | BS50: =Template!#REF! -> #REF! | BT50: =Template!#REF! -> #REF! | BU50: =Template!#REF! -> #REF! | ... CN50: =Template!#REF! -> #REF!
A51: =Template!#REF! -> #REF! | B51: =Template!#REF! -> #REF! | C51: =Template!#REF! -> #REF! | D51: =Template!$AP$1 -> 0 | E51: =Template!$AP$2 -> 0 | F51: =Template!$AP$3 -> 0 | G51: =Template!$AP$4 -> 0 | H51: =Template!$AP$5 -> 0 | I51: =Template!$AP$6 -> 0 | J51: =Template!$AP$7 -> 0 | K51: =Template!$AP$8 -> 0 | L51: =Template!$AP$9 -> 0 | M51: =Template!$AP$10 -> 0 | N51: =Template!$AP$11 -> 0 | O51: =Template!$AP$12 -> 0 | P51: =Template!$AP$13 -> 0 | Q51: =Template!$AP$17 -> 0 | R51: =Template!$AP$18 -> 0 | S51: =Template!$AP$19 -> 0 | T51: =Template!$AP$20 -> 0 | U51: =Template!$AP$21 -> 0 | V51: =Template!$AP$22 -> 0 | W51: =Template!#REF! -> #REF! | X51: =Template!#REF! -> #REF! | Y51: =Template!#REF! -> #REF! | Z51: =Template!#REF! -> #REF! | AA51: =Template!#REF! -> #REF! | AB51: =Template!#REF! -> #REF! | AC51: =Template!#REF! -> #REF! | AD51: =Template!#REF! -> #REF! | ... AH51: =Template!#REF! -> #REF! | AI51: =Template!$AP$28 -> 0 | AJ51: =Template!$AP$29 -> 0 | AK51: =Template!$AP$30 -> 0 | AL51: =Template!$AP$31 -> 0 | AM51: =Template!$AP$32 -> 0 | AN51: =Template!$AP$33 -> 0 | AO51: =Template!$AP$34 -> 0 | AP51: =Template!$AP$35 -> 0 | AQ51: =Template!#REF! -> #REF! | AR51: =Template!#REF! -> #REF! | AS51: =Template!#REF! -> #REF! | AT51: =Template!#REF! -> #REF! | AU51: =Template!#REF! -> #REF! | AV51: =Template!#REF! -> #REF! | AW51: =Template!#REF! -> #REF! | AX51: =Template!#REF! -> #REF! | AY51: =Template!$AP$37 -> 0 | AZ51: =Template!$AP$38 -> 0 | BA51: =Template!$AP$39 -> 0 | BB51: =Template!$AP$40 -> 0 | BC51: =Template!$AP$41 -> 0 | BD51: =Template!$AP$42 -> 0 | BE51: =Template!$AP$43 -> 0 | BF51: =Template!$AP$44 -> 0 | BG51: =Template!$AP$45 -> 0 | BH51: =Template!$AP$46 -> 0 | BI51: =Template!$AP$47 -> 0 | BJ51: =Template!$AP$48 -> 0 | BK51: =Template!$AP$52 -> 0 | BL51: =Template!$AP$53 -> 0 | BM51: =Template!$AP$54 -> 0 | BN51: =Template!#REF! -> #REF! | BO51: =Template!#REF! -> #REF! | BP51: =Template!#REF! -> #REF! | BQ51: =Template!#REF! -> #REF! | BR51: =Template!#REF! -> #REF! | BS51: =Template!#REF! -> #REF! | BT51: =Template!#REF! -> #REF! | BU51: =Template!#REF! -> #REF! | ... CN51: =Template!#REF! -> #REF!
A52: =Template!#REF! -> #REF! | B52: =Template!#REF! -> #REF! | C52: =Template!#REF! -> #REF! | D52: =Template!$AQ$1 -> 0 | E52: =Template!$AQ$2 -> 0 | F52: =Template!$AQ$3 -> 0 | G52: =Template!$AQ$4 -> 0 | H52: =Template!$AQ$5 -> 0 | I52: =Template!$AQ$6 -> 0 | J52: =Template!$AQ$7 -> 0 | K52: =Template!$AQ$8 -> 0 | L52: =Template!$AQ$9 -> 0 | M52: =Template!$AQ$10 -> 0 | N52: =Template!$AQ$11 -> 0 | O52: =Template!$AQ$12 -> 0 | P52: =Template!$AQ$13 -> 0 | Q52: =Template!$AQ$17 -> 0 | R52: =Template!$AQ$18 -> 0 | S52: =Template!$AQ$19 -> 0 | T52: =Template!$AQ$20 -> 0 | U52: =Template!$AQ$21 -> 0 | V52: =Template!$AQ$22 -> 0 | W52: =Template!#REF! -> #REF! | X52: =Template!#REF! -> #REF! | Y52: =Template!#REF! -> #REF! | Z52: =Template!#REF! -> #REF! | AA52: =Template!#REF! -> #REF! | AB52: =Template!#REF! -> #REF! | AC52: =Template!#REF! -> #REF! | AD52: =Template!#REF! -> #REF! | ... AH52: =Template!#REF! -> #REF! | AI52: =Template!$AQ$28 -> 0 | AJ52: =Template!$AQ$29 -> 0 | AK52: =Template!$AQ$30 -> 0 | AL52: =Template!$AQ$31 -> 0 | AM52: =Template!$AQ$32 -> 0 | AN52: =Template!$AQ$33 -> 0 | AO52: =Template!$AQ$34 -> 0 | AP52: =Template!$AQ$35 -> 0 | AQ52: =Template!#REF! -> #REF! | AR52: =Template!#REF! -> #REF! | AS52: =Template!#REF! -> #REF! | AT52: =Template!#REF! -> #REF! | AU52: =Template!#REF! -> #REF! | AV52: =Template!#REF! -> #REF! | AW52: =Template!#REF! -> #REF! | AX52: =Template!#REF! -> #REF! | AY52: =Template!$AQ$37 -> 0 | AZ52: =Template!$AQ$38 -> 0 | BA52: =Template!$AQ$39 -> 0 | BB52: =Template!$AQ$40 -> 0 | BC52: =Template!$AQ$41 -> 0 | BD52: =Template!$AQ$42 -> 0 | BE52: =Template!$AQ$43 -> 0 | BF52: =Template!$AQ$44 -> 0 | BG52: =Template!$AQ$45 -> 0 | BH52: =Template!$AQ$46 -> 0 | BI52: =Template!$AQ$47 -> 0 | BJ52: =Template!$AQ$48 -> 0 | BK52: =Template!$AQ$52 -> 0 | BL52: =Template!$AQ$53 -> 0 | BM52: =Template!$AQ$54 -> 0 | BN52: =Template!#REF! -> #REF! | BO52: =Template!#REF! -> #REF! | BP52: =Template!#REF! -> #REF! | BQ52: =Template!#REF! -> #REF! | BR52: =Template!#REF! -> #REF! | BS52: =Template!#REF! -> #REF! | BT52: =Template!#REF! -> #REF! | BU52: =Template!#REF! -> #REF! | ... CN52: =Template!#REF! -> #REF!

Sheet Person type_Classify
A1: Employee | B1: Business associates | C1: Confirmed | D1: Third Party Consultant | E1: Project Intern
A2: ContractConsultant | C2: Probationer | D2: Service Provider | E2: BPO Intern
A3: BusinessAssociates | C3: Trainee | D3: Professional | E3: ACE Associate
A4: Intern | E4: Global Intern
E5: Special Trainee
E6: Apprentice
